,importance
age_at_first_incarceration,0.051810632898820465
number_of_previous_incarcerations,0.04747240711692304
age_at_crime,0.03975160626585546
years_in_prison,0.03829528186049662
SENTENCING_PENALTY_CLASS_CODE_CLASS H,0.01949882317493181
PRIMARY_OFFENSE_CODE_FELONY B&E,0.018296714231237982
PUNISHMENT_TYPE_CODE_POST RELEASE,0.01562137856705121
OFFENDER_WEIGHT_(IN_LBS),0.015354979975624402
PUNISHMENT_TYPE_CODE_ACTIVE  SS,0.015161702243734025
COURT_TYPE_CODE_SUPERIOR,0.014408389142709964
OFFENDER_HEIGHT_(IN_INCHES),0.014106969534156797
PUNISHMENT_TYPE_CODE_INTERMEDIATE SS,0.013858519970462953
PRIMARY_OFFENSE_CODE_B & E VEHICLES,0.009553689821963137
COMPONENT_DISPOSITION_CODE_UNKNOWN,0.009256642597876997
OFFENDER_GENDER_CODE_FEMALE,0.008779159267399328
COMPONENT_DISPOSITION_CODE_GUILTY,0.008504295795400227
COMPONENT_DISPOSITION_CODE_POST REL. REVOKED,0.008411638441127054
total_counts_for_crime,0.008130246870995415
COURT_TYPE_CODE_DISTRICT,0.007969444121747658
PRIMARY_OFFENSE_CODE_POST RELEASE REVOCATION,0.007442143386045193
OFFENDER_GENDER_CODE_MALE,0.007290521420330146
SENTENCING_PENALTY_CLASS_CODE_POST RELEASE REVOCATION,0.006971366649588619
felony_counts_for_crime,0.006842683459240103
PRIMARY_OFFENSE_CODE_RECEIVING STOLEN VEHICLE,0.006357116353027488
COUNTY_OF_CONVICTION_CODE_CLEVELAND,0.005661479693180168
PRIMARY_OFFENSE_CODE_LARCENY OF MOTOR VEHICLE,0.005284955432572187
PRIMARY_OFFENSE_CODE_POSSESSING STOLEN GOODS,0.005041717483862244
COUNTY_OF_CONVICTION_CODE_WAKE,0.004654966348262598
SENTENCING_PENALTY_CLASS_CODE_CLASS 1 MISDEMEANOR SS,0.004653458578422446
SENTENCING_PENALTY_CLASS_CODE_CLASS I,0.004456262796451339
PRIMARY_OFFENSE_CODE_LARCENY OVER $1000,0.004372025464947729
SENTENCING_PENALTY_CLASS_CODE_CLASS G,0.004364887631810866
OFFENDER_SKIN_COMPLEXION_CODE_MEDIUM,0.004182392141424639
OFFENDER_PRIMARY_LANGUAGE_CODE_ENGLISH,0.004113874185423095
COUNTRY_WHERE_OFFENDER_BORN_UNITED STATES,0.004047451546876913
OFFENDER_BODY_BUILD_CODE_MEDIUM,0.0040426208108767705
PRIMARY_OFFENSE_CODE_LARCENY,0.004005295934205715
OFFENDER_SKIN_COMPLEXION_CODE_LIGHT,0.003966306545542154
OFFENDER_BODY_BUILD_CODE_THIN,0.003874704330374249
SENTENCING_PENALTY_CLASS_CODE_CLASS D,0.003831618972347988
OFFENDER_SKIN_COMPLEXION_CODE_DARK,0.0038004045183850743
OFFENDER_CITIZENSHIP_CODE_ALIEN,0.0036126909888021465
OFFENDER_HAIR_COLOR_CODE_BLACK,0.00351365411820836
COUNTY_OF_CONVICTION_CODE_DURHAM,0.0035111751856966703
COUNTY_OF_CONVICTION_CODE_ROWAN,0.0034789301318808048
OFFENDER_HAIR_COLOR_CODE_BROWN,0.0034681858393651207
OFFENDER_CITIZENSHIP_CODE_BORN IN U.S.,0.0034603764750781333
PRIMARY_OFFENSE_CODE_ROBBERY W/DANGEROUS WEAPON,0.003436484572780701
COUNTY_OF_CONVICTION_CODE_BURKE,0.0033520173322879668
OFFENDER_EYE_COLOR_CODE_BROWN,0.0032606338279197104
COUNTY_OF_CONVICTION_CODE_PITT,0.0032266245682185
PRIMARY_OFFENSE_CODE_B&E VENDING MACHINES 2ND OFF,0.0032144138224282576
COUNTY_OF_CONVICTION_CODE_LENOIR,0.0031014509611701855
OFFENDER_ETHNIC_CODE_AFRICAN,0.0030959201066480834
PRIMARY_OFFENSE_CODE_LARCENY AFTER B & E,0.0030908005953761784
PRIMARY_OFFENSE_CODE_COMMON LAW ROBBERY,0.0029900244884795758
SENTENCING_PENALTY_CLASS_CODE_CLASS F,0.002964709084364112
OFFENDER_ETHNIC_CODE_EUROPEAN/N.AM./AUSTR,0.002904604943225645
OFFENDER_RACE_CODE_WHITE,0.002874398617342114
STATE_WHERE_OFFENDER_BORN_NORTH CAROLINA,0.002871700369141345
NC_COUNTY_WHERE_OFFENDER_BORN_PITT,0.0027920097536819205
COUNTY_OF_CONVICTION_CODE_WAYNE,0.0027887533836260733
PRIMARY_OFFENSE_CODE_DRIV LICENSE REVOKED,0.002766492225911555
OFFENDER_ETHNIC_CODE_HISPANIC/LATINO,0.0027328948652288023
OFFENDER_RACE_CODE_BLACK,0.0027076113701600276
COUNTY_OF_CONVICTION_CODE_FORSYTH,0.0026964114048800823
COUNTY_OF_CONVICTION_CODE_MECKLENBURG,0.002657039333833163
PRIMARY_OFFENSE_CODE_TRAFFICKING SCHEDULE II,0.0026249988067209196
SENTENCING_PENALTY_CLASS_CODE_CLASS C,0.0026048325292995986
OFFENDER_RACE_CODE_OTHER,0.002599172620439975
CITY_WHERE_OFFENDER_BORN_SCHENECTADY,0.0025859928052168134
CITY_WHERE_OFFENDER_BORN_GREENVILLE,0.0025848884797602016
COUNTRY_WHERE_OFFENDER_BORN_MEXICO,0.002505998921399158
OFFENDER_EYE_COLOR_CODE_BLUE,0.0025055878441280315
PRIMARY_OFFENSE_CODE_FELONY INDECENT EXPOSURE,0.002464378999535915
CITY_WHERE_OFFENDER_BORN_SHELBY,0.0024313278276525394
PRIMARY_OFFENSE_CODE_CREDIT CARD THEFT,0.002382665632927249
OFFENDER_EYE_COLOR_CODE_HAZEL,0.002212470099597474
PRIMARY_OFFENSE_CODE_VIOLATION PROTECTIVE ORDER,0.0021909291905880058
PRIMARY_OFFENSE_CODE_B & E VENDING MACHINES,0.0021867102304534837
OFFENDER_BODY_BUILD_CODE_STOCKY,0.0021832816426289752
COUNTY_OF_CONVICTION_CODE_GUILFORD,0.0021775526151838497
CITY_WHERE_OFFENDER_BORN_SOUTH BOSTON,0.0021757972744820735
PRIMARY_OFFENSE_CODE_OBTAIN CONTR SUBST BY FRAUD,0.0021703709400719335
COUNTY_OF_CONVICTION_CODE_LINCOLN,0.002110590313793415
SENTENCING_PENALTY_CLASS_CODE_CLASS E,0.0020907616323451402
PRIMARY_OFFENSE_CODE_DWI LEVEL 2,0.0020816441169062318
PRIMARY_OFFENSE_CODE_POSSESS SCHEDULE II,0.0020795253780980685
COUNTY_OF_CONVICTION_CODE_WILSON,0.002060395807997989
COUNTY_OF_CONVICTION_CODE_NEW HANOVER,0.001972053505234693
SENTENCING_PENALTY_CLASS_CODE_NON CLASS CODE,0.001958969145834967
COUNTY_OF_CONVICTION_CODE_CABARRUS,0.0019560658193444468
COUNTY_OF_CONVICTION_CODE_CATAWBA,0.0019513568407025358
PUNISHMENT_TYPE_CODE_DWI,0.0019362646617322083
CITY_WHERE_OFFENDER_BORN_WILLIAMSON,0.001926023076363926
SENTENCING_PENALTY_CLASS_CODE_CLASS A1 MISDEMEANOR SS,0.0019203233585328142
CITY_WHERE_OFFENDER_BORN_RALEIGH,0.0019148831009912334
PRIMARY_OFFENSE_CODE_OBT PROP BY FALSE PR/CHTS/SER,0.0018911911767190207
COUNTY_OF_CONVICTION_CODE_SURRY,0.0018700219899127973
PRIMARY_OFFENSE_CODE_HABITUAL FELON,0.0018443602292386274
CITY_WHERE_OFFENDER_BORN_JAMAICA,0.0017881748320464645
CITY_WHERE_OFFENDER_BORN_CROSSNORE,0.0017871088130907906
COMPONENT_DISPOSITION_CODE_NOLO CONTENDRE,0.0017773403992181734
NC_COUNTY_WHERE_OFFENDER_BORN_WAKE,0.0017672163437557156
PRIMARY_OFFENSE_CODE_ASSAULT ON CHILD,0.0017562195735090242
CITY_WHERE_OFFENDER_BORN_LEXINGTON,0.0017508949376389782
PRIMARY_OFFENSE_CODE_SELL SCHEDULE II,0.0017293620765886364
OFFENDER_EYE_COLOR_CODE_GREEN,0.0017023012497809874
PRIMARY_OFFENSE_CODE_POSSESSION OF FIREARM BY FELON,0.0016989357205439192
OFFENDER_HAIR_COLOR_CODE_BALD,0.0016425069668045745
COUNTY_OF_CONVICTION_CODE_PASQUOTANK,0.0016417247195000008
CITY_WHERE_OFFENDER_BORN_AURORA,0.0016049260798646115
COUNTY_OF_CONVICTION_CODE_NASH,0.0016046107466312221
COUNTY_OF_CONVICTION_CODE_RUTHERFORD,0.001583102050828605
NC_COUNTY_WHERE_OFFENDER_BORN_CLEVELAND,0.0015683626429738233
CITY_WHERE_OFFENDER_BORN_ELKHART,0.001565278912620537
COUNTY_OF_CONVICTION_CODE_JOHNSTON,0.0015424810463829344
PRIMARY_OFFENSE_CODE_FAILURE TO REPORT AN ACCIDENT,0.0015059512778048166
SENTENCING_PENALTY_CLASS_CODE_CLASS B1 SS,0.0014982794858628633
COUNTY_OF_CONVICTION_CODE_CHOWAN,0.0014947733146786519
PRIMARY_OFFENSE_CODE_LARCENY FROM PERSON,0.001492212631048783
PRIMARY_OFFENSE_CODE_ASSAULT/THR AGNST GOVERNMNT,0.0014878641209021995
CITY_WHERE_OFFENDER_BORN_WILKES,0.0014531718503062
CITY_WHERE_OFFENDER_BORN_CONNELLY SPRING,0.0014425457315673622
STATE_WHERE_OFFENDER_BORN_MAINE,0.0014391418937742722
CITY_WHERE_OFFENDER_BORN_FT PIERCE,0.0014370431084784517
COUNTY_OF_CONVICTION_CODE_AVERY,0.0014102839045132193
SENTENCING_PENALTY_CLASS_CODE_CLASS 2 MISDEMEANOR SS,0.0014098445048584768
OFFENDER_HAIR_COLOR_CODE_GRAY,0.0014096111206251187
CITY_WHERE_OFFENDER_BORN_HONOLULU,0.0013741102109971507
CITY_WHERE_OFFENDER_BORN_PORTLAND,0.0013729209146573047
"PRIMARY_OFFENSE_CODE_INTERC WIRE,ORAL OR ELECT COMM",0.0013704529961246269
COUNTY_OF_CONVICTION_CODE_DAVIDSON,0.0013630085854491193
CITY_WHERE_OFFENDER_BORN_CLINTON,0.0013620875449927
CITY_WHERE_OFFENDER_BORN_W-SALEM,0.0013599876039234134
STATE_WHERE_OFFENDER_BORN_WASHINGTON,0.0013535149281032747
NC_COUNTY_WHERE_OFFENDER_BORN_AVERY,0.0013378428386103696
PRIMARY_OFFENSE_CODE_ASSAULT ON FEMALE,0.0013376273057042639
PRIMARY_OFFENSE_CODE_WILL/WANT INJ REAL PROPERTY,0.0013298452415285676
PRIMARY_OFFENSE_CODE_RESISTING OFFICER,0.0012992045811526934
STATE_WHERE_OFFENDER_BORN_HAWAII,0.0012989443337404615
COUNTY_OF_CONVICTION_CODE_BUNCOMBE,0.0012819863256436231
CITY_WHERE_OFFENDER_BORN_SULFOLK,0.001281478112476414
PRIMARY_OFFENSE_CODE_BURGLARY 1ST DEGREE,0.001267426944406302
CITY_WHERE_OFFENDER_BORN_FOREST CITY,0.0012637851105763078
COUNTY_OF_CONVICTION_CODE_LEE,0.0012516946697936219
PRIMARY_OFFENSE_CODE_POSSESS WITS SCHEDULE VI,0.001248458458995212
PRIMARY_OFFENSE_CODE_PURCHASE MALT BEV LESS 19 YRS,0.0012427991900065874
CITY_WHERE_OFFENDER_BORN_ALBANY,0.0012398605802092218
STATE_WHERE_OFFENDER_BORN_ALASKA,0.0012383215107329773
PRIMARY_OFFENSE_CODE_MISD B&E,0.0012329758497685395
CITY_WHERE_OFFENDER_BORN_BROOKHAVEN,0.001226655002081187
CITY_WHERE_OFFENDER_BORN_KINSTON,0.0012254637019696686
CITY_WHERE_OFFENDER_BORN_WINSTON SALEM,0.0012252623575196144
COUNTY_OF_CONVICTION_CODE_VANCE,0.001216402101459628
CITY_WHERE_OFFENDER_BORN_KILLEEN,0.001213673609029686
CITY_WHERE_OFFENDER_BORN_GOLDSBORO,0.0012136679318652038
PRIMARY_OFFENSE_CODE_DRUG PARA - USE/POSSESS,0.0012016335267369105
CITY_WHERE_OFFENDER_BORN_VICKSBURG,0.0012004369157884733
CITY_WHERE_OFFENDER_BORN_TITTUSVILLE,0.0011917556051108421
CITY_WHERE_OFFENDER_BORN_KINGS COUNTY,0.0011889595428165789
NC_COUNTY_WHERE_OFFENDER_BORN_FORSYTH,0.0011884355195384952
CITY_WHERE_OFFENDER_BORN_TYLER,0.0011777108820735394
NC_COUNTY_WHERE_OFFENDER_BORN_LENOIR,0.001167287445844869
SENTENCING_PENALTY_CLASS_CODE_CLASS 3 MISDEMEANOR SS,0.0011592870039493484
CITY_WHERE_OFFENDER_BORN_HUNTERSVILLE,0.0011578385376574813
PRIMARY_OFFENSE_CODE_POSSESS WITS SCHEDULE II,0.0011577210318574583
CITY_WHERE_OFFENDER_BORN_PEORIA,0.0011410605488623704
COUNTY_OF_CONVICTION_CODE_FRANKLIN,0.0011405975532950226
STATE_WHERE_OFFENDER_BORN_WEST VIRGINIA,0.0011361850357126428
CITY_WHERE_OFFENDER_BORN_LAURENS,0.0011331287273318757
CITY_WHERE_OFFENDER_BORN_PASSAIC,0.001132668099203862
OFFENDER_HAIR_COLOR_CODE_BLONDE,0.0011312823333324785
COUNTY_OF_CONVICTION_CODE_ALEXANDER,0.0011290900272867585
CITY_WHERE_OFFENDER_BORN_GOSHEN,0.0011268411699407411
CITY_WHERE_OFFENDER_BORN_TAZWELL,0.0011265231517095865
CITY_WHERE_OFFENDER_BORN_SOUTHERN PINES,0.0011221847779139713
CITY_WHERE_OFFENDER_BORN_LANDSTHUL,0.0011125956601510177
CITY_WHERE_OFFENDER_BORN_GROTON,0.0011006152267180659
CITY_WHERE_OFFENDER_BORN_SMITHFIELD,0.001100517758454688
CITY_WHERE_OFFENDER_BORN_SUMMERSVILLE,0.0010978021257504772
CITY_WHERE_OFFENDER_BORN_PRINCETON,0.0010943223050818016
COUNTY_OF_CONVICTION_CODE_ALAMANCE,0.0010919623519460373
CITY_WHERE_OFFENDER_BORN_WOODSFIELD,0.0010918114206784069
CITY_WHERE_OFFENDER_BORN_HAYTI,0.0010897480550917597
PRIMARY_OFFENSE_CODE_FAIL TO REGISTER (SEX OFFENDER,0.0010879733010861429
COUNTY_OF_CONVICTION_CODE_IREDELL,0.0010866115537580309
COUNTY_OF_CONVICTION_CODE_CUMBERLAND,0.001078801173243917
CITY_WHERE_OFFENDER_BORN_KINGS MT,0.001076099115131591
COUNTY_OF_CONVICTION_CODE_ONSLOW,0.0010709780995118137
CITY_WHERE_OFFENDER_BORN_MOUNT VERNON,0.0010704058233090095
COUNTY_OF_CONVICTION_CODE_WARREN,0.0010649023861531047
CITY_WHERE_OFFENDER_BORN_NORFOLK,0.0010621227917227177
NC_COUNTY_WHERE_OFFENDER_BORN_WAYNE,0.0010561601019868079
COUNTY_OF_CONVICTION_CODE_CASWELL,0.0010550227423020884
CITY_WHERE_OFFENDER_BORN_ANN ARBOR,0.0010540467256115332
CITY_WHERE_OFFENDER_BORN_MT AIRY,0.001049512190999896
CITY_WHERE_OFFENDER_BORN_HAVERHILL,0.0010477090808819769
CITY_WHERE_OFFENDER_BORN_SAN BERNIDINO,0.0010473750932369853
COUNTY_OF_CONVICTION_CODE_MOORE,0.0010449451794294613
CITY_WHERE_OFFENDER_BORN_PORT CHARLOTTE,0.0010443529301924397
COUNTY_OF_CONVICTION_CODE_HENDERSON,0.0010339962609714288
NC_COUNTY_WHERE_OFFENDER_BORN_BURKE,0.001023781415699415
CITY_WHERE_OFFENDER_BORN_BROCKTON,0.0010229623525235686
CITY_WHERE_OFFENDER_BORN_POINT PLEASANT,0.001021408027411085
PRIMARY_OFFENSE_CODE_EMBEZZLE CS BY EMPLOY OF REG,0.001014288424016393
COUNTY_OF_CONVICTION_CODE_YANCEY,0.00101001321405435
PRIMARY_OFFENSE_CODE_DRIVE ON WRONG SIDE OF ROAD,0.001006651119261047
COUNTY_OF_CONVICTION_CODE_GASTON,0.0010017260493993098
COUNTY_OF_CONVICTION_CODE_SAMPSON,0.0009991329717597161
CITY_WHERE_OFFENDER_BORN_TACOMA,0.0009983340806035005
PRIMARY_OFFENSE_CODE_LARCENY OF FIREARMS,0.0009897166984882038
PRIMARY_OFFENSE_CODE_MISD INDECENT EXPOSURE,0.0009892307755435578
COUNTY_OF_CONVICTION_CODE_ROBESON,0.0009875829458449812
CITY_WHERE_OFFENDER_BORN_HAVELOCK,0.000978576576098345
COMPONENT_DISPOSITION_CODE_JURY TRIAL,0.0009707860061782465
COUNTY_OF_CONVICTION_CODE_ROCKINGHAM,0.0009672703757534018
CITY_WHERE_OFFENDER_BORN_BECKLEY,0.0009645208052577212
PRIMARY_OFFENSE_CODE_REFUSE/FALSE INFOR TO OFFICER,0.0009552636174979718
PRIMARY_OFFENSE_CODE_FORGERY,0.0009479335712522833
CITY_WHERE_OFFENDER_BORN_ROBBINS,0.0009474996391490892
CITY_WHERE_OFFENDER_BORN_JENKINS,0.0009463353868459183
CITY_WHERE_OFFENDER_BORN_UNION,0.0009448157367762595
COUNTY_OF_CONVICTION_CODE_STOKES,0.0009396161869120019
NC_COUNTY_WHERE_OFFENDER_BORN_NASH,0.0009380752340532111
PRIMARY_OFFENSE_CODE_AWDWWITK,0.000934534835516748
CITY_WHERE_OFFENDER_BORN_FORT KNOX,0.0009311230819443081
CITY_WHERE_OFFENDER_BORN_HAVANA,0.0009303960812714003
COUNTY_OF_CONVICTION_CODE_MONTGOMERY,0.0009284966348090433
PRIMARY_OFFENSE_CODE_UTTERING FORGEDPAPER/INST/END,0.0009210444024716573
NC_COUNTY_WHERE_OFFENDER_BORN_SAMPSON,0.0009172945933424418
COUNTY_OF_CONVICTION_CODE_JONES,0.000911117342762917
NC_COUNTY_WHERE_OFFENDER_BORN_DAVIDSON,0.0009066787014267413
CITY_WHERE_OFFENDER_BORN_MAN,0.0009059522214056156
PRIMARY_OFFENSE_CODE_SECOND DEGREE TRESPASS,0.0009036465357815797
CITY_WHERE_OFFENDER_BORN_FORT LAUDERDALE,0.0009005684036395986
CITY_WHERE_OFFENDER_BORN_HONALULU,0.0008968634662025438
PRIMARY_OFFENSE_CODE_FORGERY BANK NOTES,0.0008954621041985247
COMPONENT_DISPOSITION_CODE_NOT GUILTY,0.0008943244873535998
PRIMARY_OFFENSE_CODE_DWI LEVEL 3,0.0008942673892291163
CITY_WHERE_OFFENDER_BORN_CEDRO WOOLEY,0.0008843314463054001
CITY_WHERE_OFFENDER_BORN_SHALLOTTE,0.0008812300665061992
CITY_WHERE_OFFENDER_BORN_GAFFNEY,0.0008785676708296969
PRIMARY_OFFENSE_CODE_INDECENT LIBERTY W/CHILD,0.0008782802681759719
CITY_WHERE_OFFENDER_BORN_ANCHORAGE,0.0008773470434651635
CITY_WHERE_OFFENDER_BORN_GARNER,0.0008668523437295566
PUNISHMENT_TYPE_CODE_FAIR FELONS,0.0008623686907487052
CITY_WHERE_OFFENDER_BORN_NEWPORT BEACH,0.0008622969186358281
PRIMARY_OFFENSE_CODE_POSS/TRANS COUNTERFEIT INST.,0.000862020702703205
STATE_WHERE_OFFENDER_BORN_LOUISIANA,0.0008610876946289126
NC_COUNTY_WHERE_OFFENDER_BORN_MECKLENBURG,0.000860521608713664
CITY_WHERE_OFFENDER_BORN_JUNCTION CITY,0.0008580437242725563
OFFENDER_EYE_COLOR_CODE_GRAY,0.0008565207923621088
COUNTY_OF_CONVICTION_CODE_ANSON,0.0008553109374748721
COUNTRY_WHERE_OFFENDER_BORN_CUBA,0.0008505366581386893
OFFENDER_ETHNIC_CODE_AMERICAN INDIAN,0.0008483859039754169
PRIMARY_OFFENSE_CODE_RAPE CHILD BY ADULT,0.0008476576014053386
COUNTY_OF_CONVICTION_CODE_WILKES,0.0008430830511601195
CITY_WHERE_OFFENDER_BORN_COATSVILLE,0.0008415398992020932
PRIMARY_OFFENSE_CODE_EMPLOY MIN DRUG VIOLATION,0.0008347043289754187
PRIMARY_OFFENSE_CODE_ASSAULT W/FIREARM LAW ENF OFFC,0.0008319729006257931
CITY_WHERE_OFFENDER_BORN_GLENDALE,0.0008291442716191469
CITY_WHERE_OFFENDER_BORN_REIDSVILLE,0.000828981253197128
COUNTY_OF_CONVICTION_CODE_CRAVEN,0.0008210034531491007
CITY_WHERE_OFFENDER_BORN_ATLANTA,0.0008204722678843556
NC_COUNTY_WHERE_OFFENDER_BORN_GUILFORD,0.0008199267163126247
CITY_WHERE_OFFENDER_BORN_LAFAYETTE,0.0008185007304174669
COUNTY_OF_CONVICTION_CODE_HARNETT,0.0008178678769670821
OFFENDER_RACE_CODE_INDIAN,0.0008126177136934433
CITY_WHERE_OFFENDER_BORN_CHARLOTTE,0.0008125292490571292
PRIMARY_OFFENSE_CODE_ASSAULT ON PUBLIC OFFICIAL,0.0008117013679705189
COUNTY_OF_CONVICTION_CODE_EDGECOMBE,0.0008102908618253262
CITY_WHERE_OFFENDER_BORN_DALLAS,0.0008079611324818353
OFFENDER_ETHNIC_CODE_SLAVIC (E. EUROPEAN),0.00080510497923022
CITY_WHERE_OFFENDER_BORN_FORT BRAGG,0.0008005811773889579
PRIMARY_OFFENSE_CODE_HARBORING ESCAPEE,0.0007934803714678558
PRIMARY_OFFENSE_CODE_POSSESS SCHEDULE VI,0.0007879474976005046
CITY_WHERE_OFFENDER_BORN_HICKORY,0.0007814673130829017
PRIMARY_OFFENSE_CODE_MISUSE OF 911 SYSTEM,0.0007738257065136524
COUNTY_OF_CONVICTION_CODE_MCDOWELL,0.0007712750064009065
CITY_WHERE_OFFENDER_BORN_FAYETTEVILLE,0.0007697502899053442
CITY_WHERE_OFFENDER_BORN_ST PAUL,0.0007662075530852117
COUNTY_OF_CONVICTION_CODE_RANDOLPH,0.0007629698334551573
PRIMARY_OFFENSE_CODE_ASSAULT ON OFFICER/ST EMPLOYEE,0.0007565050777388544
NC_COUNTY_WHERE_OFFENDER_BORN_JOHNSTON,0.0007516525229235873
CITY_WHERE_OFFENDER_BORN_LOUISBURG,0.0007506564210482429
CITY_WHERE_OFFENDER_BORN_WILMINGTON,0.000749957296233879
COUNTY_OF_CONVICTION_CODE_BLADEN,0.0007484635981528145
COUNTY_OF_CONVICTION_CODE_MARTIN,0.0007432754055818823
CITY_WHERE_OFFENDER_BORN_ZEBULON,0.0007432369628881763
PRIMARY_OFFENSE_CODE_SEX OFFENDER/CHILD PREMISES,0.0007390893943172195
CITY_WHERE_OFFENDER_BORN_MURFREESBORO,0.0007379429577766241
OFFENDER_EYE_COLOR_CODE_BLACK,0.0007309879485268196
CITY_WHERE_OFFENDER_BORN_HENDERSONVILLE,0.0007285019231923842
PRIMARY_OFFENSE_CODE_MURDER SECOND DEGREE,0.0007268584969338488
OFFENDER_BODY_BUILD_CODE_OBESE,0.0007235162547199019
CITY_WHERE_OFFENDER_BORN_SUMMERSET,0.0007222202777559449
OFFENDER_ETHNIC_CODE_UNKNOWN,0.0007220434393193471
COUNTY_OF_CONVICTION_CODE_BEAUFORT,0.0007193989877807172
CITY_WHERE_OFFENDER_BORN_CLYDE,0.0007072693818181529
COUNTY_OF_CONVICTION_CODE_HOKE,0.0007068092583739405
CITY_WHERE_OFFENDER_BORN_MINEOLA,0.0007040723424838607
CITY_WHERE_OFFENDER_BORN_YUBA CITY,0.0007026241012606856
"PRIMARY_OFFENSE_CODE_INJURE HOUSE,CHURCH,FENCE ETC",0.000702159434448222
COUNTY_OF_CONVICTION_CODE_DAVIE,0.0006919746865547066
PRIMARY_OFFENSE_CODE_DWI LEVEL 1,0.0006906496613689136
CITY_WHERE_OFFENDER_BORN_SUMMIT,0.0006903505975918575
CITY_WHERE_OFFENDER_BORN_BROOKLYN,0.0006897739465576244
CITY_WHERE_OFFENDER_BORN_CINCINATTI,0.0006892420440739539
CITY_WHERE_OFFENDER_BORN_FAYETTE,0.0006887989778118367
CITY_WHERE_OFFENDER_BORN_CORAL GABLES,0.0006882594281443192
PRIMARY_OFFENSE_CODE_DEL/SELL SCHEDULE II,0.0006868776088186526
COUNTY_OF_CONVICTION_CODE_GRANVILLE,0.0006851801068831223
COUNTY_OF_CONVICTION_CODE_GREENE,0.0006804264898274408
PRIMARY_OFFENSE_CODE_SIMPLE ASSAULT/AFFRAY,0.0006803233077668765
PRIMARY_OFFENSE_CODE_POSSESS SCHEDULE III,0.0006798732651796613
CITY_WHERE_OFFENDER_BORN_TEXARCANA,0.0006791301782634688
CITY_WHERE_OFFENDER_BORN_GEORGETOWN,0.0006699813214053245
PRIMARY_OFFENSE_CODE_SPEEDING ELUDE ARREST OR/ATTEM,0.0006694005923575338
PRIMARY_OFFENSE_CODE_BURN UNINHABITED BUILDING,0.0006688175658405577
CITY_WHERE_OFFENDER_BORN_GRAND RAPIDS,0.0006621143609961194
PRIMARY_OFFENSE_CODE_OPERATE VEHICLE W/O LICENSE,0.000659611421236788
STATE_WHERE_OFFENDER_BORN_KENTUCKY,0.0006569954056301553
PRIMARY_OFFENSE_CODE_GIVE MALT BEV TO<21 BY UN-AG,0.0006547248576141192
CITY_WHERE_OFFENDER_BORN_SUFFOLK,0.0006535192577886343
STATE_WHERE_OFFENDER_BORN_NEW YORK,0.0006534838248875041
OFFENDER_SKIN_COMPLEXION_CODE_FRECKLED,0.0006534452461719275
COUNTY_OF_CONVICTION_CODE_WATAUGA,0.0006532846212060101
CITY_WHERE_OFFENDER_BORN_SYRACUSE,0.0006501139030949687
CITY_WHERE_OFFENDER_BORN_QUEENS,0.0006462964894339617
COUNTRY_WHERE_OFFENDER_BORN_RUSSIA,0.0006417038565323147
NC_COUNTY_WHERE_OFFENDER_BORN_CUMBERLAND,0.0006415134565293773
NC_COUNTY_WHERE_OFFENDER_BORN_RUTHERFORD,0.0006412893493952776
CITY_WHERE_OFFENDER_BORN_NORWICH,0.0006394692941130478
STATE_WHERE_OFFENDER_BORN_FLORIDA,0.0006393178066286336
OFFENDER_SKIN_COMPLEXION_CODE_RUDDY,0.000637066675994333
PRIMARY_OFFENSE_CODE_SPEED ELUDE ARREST/ATTEMPT/SEC,0.0006338049589257353
CITY_WHERE_OFFENDER_BORN_STAMFORD,0.0006332788551213452
PRIMARY_OFFENSE_CODE_FINANCIAL CARD FRAUD/MISD,0.00063314854868691
COUNTY_OF_CONVICTION_CODE_MACON,0.0006302840489475321
OFFENDER_HAIR_COLOR_CODE_SANDY,0.0006280201118912774
CITY_WHERE_OFFENDER_BORN_BARTOS,0.0006253988656630113
PRIMARY_OFFENSE_CODE_OBTAIN PROPERTY-WORTHLESS CKS,0.0006235146692095563
NC_COUNTY_WHERE_OFFENDER_BORN_IREDELL,0.0006181048056539318
PRIMARY_OFFENSE_CODE_SELL SCHEDULE VI,0.0006133230386281791
CITY_WHERE_OFFENDER_BORN_GREENSBORO,0.000611718753057499
NC_COUNTY_WHERE_OFFENDER_BORN_BUNCOMBE,0.000609399297616327
PRIMARY_OFFENSE_CODE_WORTHLESS CHECK,0.0006078097088996165
NC_COUNTY_WHERE_OFFENDER_BORN_NEW HANOVER,0.0006045499177778313
OFFENDER_HAIR_COLOR_CODE_RED,0.0006035400139557359
CITY_WHERE_OFFENDER_BORN_YONKERS,0.0006022865108404285
CITY_WHERE_OFFENDER_BORN_SALISBURY,0.0006019490692919846
NC_COUNTY_WHERE_OFFENDER_BORN_HENDERSON,0.0006017402894506379
PRIMARY_OFFENSE_CODE_FORGERY AND UTTERING,0.000601051949454766
NC_COUNTY_WHERE_OFFENDER_BORN_ROWAN,0.0006006207386096363
PRIMARY_OFFENSE_CODE_NON-MALICIOUS CASTRAT/MAIME,0.0006005765101707941
PRIMARY_OFFENSE_CODE_HABITUAL IMPAIRED DRIVING,0.0005995609410594903
PRIMARY_OFFENSE_CODE_HIRING WIT DEFRAUD,0.0005981392197822542
NC_COUNTY_WHERE_OFFENDER_BORN_HOKE,0.0005965115818276248
CITY_WHERE_OFFENDER_BORN_WINSTON-SALEM,0.0005960869837197465
CITY_WHERE_OFFENDER_BORN_MORRISTOWN,0.0005947906310196749
CITY_WHERE_OFFENDER_BORN_GREAT FALLS,0.0005944701339442674
CITY_WHERE_OFFENDER_BORN_ST PETERSBURG,0.0005902332350658263
CITY_WHERE_OFFENDER_BORN_UNKNOWN,0.0005863376418064014
PRIMARY_OFFENSE_CODE_ALTER SERIAL NUMBER,0.0005841188104147004
CITY_WHERE_OFFENDER_BORN_GASTONIA,0.000583613090305694
CITY_WHERE_OFFENDER_BORN_MANHATTAN,0.0005806118810171052
CITY_WHERE_OFFENDER_BORN_MARION,0.0005792888365550277
PRIMARY_OFFENSE_CODE_IDENTITY FRAUD/THEFT,0.0005778906777368306
CITY_WHERE_OFFENDER_BORN_LAS VEGAS,0.0005680741361127552
COUNTY_OF_CONVICTION_CODE_SWAIN,0.0005680077560408829
CITY_WHERE_OFFENDER_BORN_GREENBORO,0.0005659759921371623
COUNTY_OF_CONVICTION_CODE_YADKIN,0.0005647624483606389
NC_COUNTY_WHERE_OFFENDER_BORN_DURHAM,0.0005646273709799723
CITY_WHERE_OFFENDER_BORN_WEST CHESTER,0.0005634074451174314
CITY_WHERE_OFFENDER_BORN_DURHAM,0.0005588712705977162
PRIMARY_OFFENSE_CODE_AWDWISI,0.0005571990437680728
PRIMARY_OFFENSE_CODE_FEL INDECENT LIBERTY W/STUDENT,0.0005567135440521811
CITY_WHERE_OFFENDER_BORN_EASLEY,0.0005550037207559663
CITY_WHERE_OFFENDER_BORN_SAN JOSE,0.0005527457226220358
CITY_WHERE_OFFENDER_BORN_ROCKY MOUNT,0.0005488859143307637
NC_COUNTY_WHERE_OFFENDER_BORN_FRANKLIN,0.0005461774312433309
CITY_WHERE_OFFENDER_BORN_ELIZABETH CITY,0.0005459888027632364
CITY_WHERE_OFFENDER_BORN_ROCKY MT,0.0005459616386500325
CITY_WHERE_OFFENDER_BORN_CHAPEL HILL,0.0005456231903346952
PRIMARY_OFFENSE_CODE_DWI LEVEL 5,0.0005451705126210696
CITY_WHERE_OFFENDER_BORN_FLETCHER,0.0005444688167978275
"PRIMARY_OFFENSE_CODE_LARCENY OF BANK NOTES, BONDS",0.0005436390866692146
COUNTY_OF_CONVICTION_CODE_CALDWELL,0.0005420405637024471
CITY_WHERE_OFFENDER_BORN_PHILIDELPHIA,0.0005343496120582407
CITY_WHERE_OFFENDER_BORN_WAUCHULA,0.0005321535543642034
CITY_WHERE_OFFENDER_BORN_HIGH POINT,0.0005321084014982354
STATE_WHERE_OFFENDER_BORN_NEVADA,0.0005318586234981853
COUNTY_OF_CONVICTION_CODE_ORANGE,0.0005312568096869233
PRIMARY_OFFENSE_CODE_ABDUCTION/CHILD(NON-REGISTER),0.0005309528426359428
COUNTY_OF_CONVICTION_CODE_MITCHELL,0.0005290760248990718
PRIMARY_OFFENSE_CODE_CHEAT - PROPERTY/SERVICES,0.0005269146170834446
STATE_WHERE_OFFENDER_BORN_SOUTH CAROLINA,0.0005215125633579427
PRIMARY_OFFENSE_CODE_RECEIVING STOLEN GOODS,0.0005207492529890606
CITY_WHERE_OFFENDER_BORN_ROANOKE,0.0005172875445661711
CITY_WHERE_OFFENDER_BORN_STATESVILLE,0.0005135163993709466
STATE_WHERE_OFFENDER_BORN_VIRGINIA,0.0005129604578479088
CITY_WHERE_OFFENDER_BORN_DAYTON,0.0005122757812545341
CITY_WHERE_OFFENDER_BORN_NEWWARK,0.0005113988934082456
CITY_WHERE_OFFENDER_BORN_NAPLES,0.0005108036780741665
NC_COUNTY_WHERE_OFFENDER_BORN_PASQUOTANK,0.0005079436432511903
PRIMARY_OFFENSE_CODE_FICTITIOUS INFO TO LAW ENF OFR,0.000506600582440778
CITY_WHERE_OFFENDER_BORN_LUMBERTON,0.0005060494182715592
PRIMARY_OFFENSE_CODE_ASSAULT AND BATTERY,0.0005056001287947728
PRIMARY_OFFENSE_CODE_POSSESS SCHEDULE I,0.0005046874859776808
PRIMARY_OFFENSE_CODE_DEL/SELL SCHEDULE VI,0.0005044242159747238
CITY_WHERE_OFFENDER_BORN_STUART,0.0005023618254653166
COUNTY_OF_CONVICTION_CODE_GATES,0.0005019072214045934
PRIMARY_OFFENSE_CODE_CHILD ABUSE SEXUAL ACT,0.0004993357739457523
PRIMARY_OFFENSE_CODE_MALICIOUS CONDUCT/PRISONER,0.0004993340148862253
NC_COUNTY_WHERE_OFFENDER_BORN_CABARRUS,0.0004906388834325039
PRIMARY_OFFENSE_CODE_KIDNAPPING 2ND DEGREE,0.0004888391256856076
NC_COUNTY_WHERE_OFFENDER_BORN_WILKES,0.0004882817353994444
CITY_WHERE_OFFENDER_BORN_ORANGE CO,0.0004840165089280945
NC_COUNTY_WHERE_OFFENDER_BORN_COLUMBUS,0.00048255043701558533
COUNTY_OF_CONVICTION_CODE_BRUNSWICK,0.00048051036929683917
CITY_WHERE_OFFENDER_BORN_WEST JEFFERSON,0.00048020531992088914
CITY_WHERE_OFFENDER_BORN_PITTSBURG,0.0004789457883254396
NC_COUNTY_WHERE_OFFENDER_BORN_GASTON,0.0004772126408009666
CITY_WHERE_OFFENDER_BORN_VALDESE,0.0004754012320605899
STATE_WHERE_OFFENDER_BORN_ILLINOIS,0.00047452038678099317
CITY_WHERE_OFFENDER_BORN_CONCORD,0.0004725854174516229
CITY_WHERE_OFFENDER_BORN_MANCHESTER,0.0004674125303990065
COUNTY_OF_CONVICTION_CODE_STANLY,0.00046699073534380746
NC_COUNTY_WHERE_OFFENDER_BORN_CATAWBA,0.00046683187078915765
PRIMARY_OFFENSE_CODE_DRIVING < 21 CONSUME CONTR SUB,0.0004605265048326619
STATE_WHERE_OFFENDER_BORN_INDIANA,0.000459258763395963
CITY_WHERE_OFFENDER_BORN_MOREHEAD,0.0004547302929831541
COUNTY_OF_CONVICTION_CODE_COLUMBUS,0.0004518400172356958
COUNTRY_WHERE_OFFENDER_BORN_GERMANY,0.0004512919127078459
PRIMARY_OFFENSE_CODE_POSS/PURCH MALT BEV BY < 21 AG,0.0004499575291192064
CITY_WHERE_OFFENDER_BORN_SALEM,0.0004491745118439455
PRIMARY_OFFENSE_CODE_WANTON INJ PER/PROP $200 & LS,0.00044585051034761467
PRIMARY_OFFENSE_CODE_BURGLARY 2ND DEGREE,0.0004448982701371172
CITY_WHERE_OFFENDER_BORN_YANCEYVILLE,0.0004419858625144577
PRIMARY_OFFENSE_CODE_DWI LEVEL 4,0.00043986996158003317
CITY_WHERE_OFFENDER_BORN_ASHEVILLE,0.0004342173857825113
COUNTY_OF_CONVICTION_CODE_PENDER,0.0004336721412984468
COUNTY_OF_CONVICTION_CODE_POLK,0.00043334327077249746
OFFENDER_ETHNIC_CODE_OTHER,0.00043071498272750035
CITY_WHERE_OFFENDER_BORN_WILSON,0.00043043955524080295
CITY_WHERE_OFFENDER_BORN_ASHVILLE,0.0004298844484749776
CITY_WHERE_OFFENDER_BORN_WHITEVILLE,0.0004233085790518784
PRIMARY_OFFENSE_CODE_ASSAULT POINTING GUN,0.00042272737092034557
STATE_WHERE_OFFENDER_BORN_MARYLAND,0.00042099653761949843
OFFENDER_CITIZENSHIP_CODE_DUAL W/US,0.00042074113156858505
CITY_WHERE_OFFENDER_BORN_ROCHESTER,0.0004204203724570248
CITY_WHERE_OFFENDER_BORN_MARIETTA,0.00041906165071864436
PRIMARY_OFFENSE_CODE_POSSESS WITS SCHEDULE I,0.000418908254514583
PRIMARY_OFFENSE_CODE_ASSAULT WDW EXEC/LEGIS OFFICER,0.0004178975908097963
CITY_WHERE_OFFENDER_BORN_MORGANTON,0.00041754479817545607
PRIMARY_OFFENSE_CODE_MANSLAUGHTER,0.00041734117553583343
CITY_WHERE_OFFENDER_BORN_PITTSBURGH,0.0004168019808558841
PRIMARY_OFFENSE_CODE_AWDW GOV OFFICERS/EMPLOYEES,0.0004152433425336357
STATE_WHERE_OFFENDER_BORN_IOWA,0.0004150533787269463
CITY_WHERE_OFFENDER_BORN_SANFORD,0.00041313552073620017
COUNTY_OF_CONVICTION_CODE_HALIFAX,0.0004127536478000057
PRIMARY_OFFENSE_CODE_COM L FALSE IMPRISONMENT,0.00041180707474963946
PRIMARY_OFFENSE_CODE_SEXUAL OFFENSE 2ND DEGREE,0.0004088355291780623
CITY_WHERE_OFFENDER_BORN_DENVER,0.000406858553183736
PRIMARY_OFFENSE_CODE_LARCENY (OVER $200),0.00040333908464214134
NC_COUNTY_WHERE_OFFENDER_BORN_WILSON,0.0004018394127043837
CITY_WHERE_OFFENDER_BORN_N WILKESBORO,0.0004012825183625466
CITY_WHERE_OFFENDER_BORN_FRESNO,0.0003993030436547095
CITY_WHERE_OFFENDER_BORN_SELMA,0.0003942136157423808
COUNTY_OF_CONVICTION_CODE_ALLEGHANY,0.0003941162720611179
CITY_WHERE_OFFENDER_BORN_MIDDLESEX,0.00039165575258357877
PUNISHMENT_TYPE_CODE_FAIR MISDEMEAN,0.0003880688516314902
NC_COUNTY_WHERE_OFFENDER_BORN_ROCKINGHAM,0.0003852214883991371
COUNTY_OF_CONVICTION_CODE_UNION,0.0003841214536183474
CITY_WHERE_OFFENDER_BORN_PETERSBURG,0.0003823846467917709
PRIMARY_OFFENSE_CODE_COMMUNICATING THREATS,0.0003769500169891624
COMPONENT_DISPOSITION_CODE_BENCH TRIAL,0.00037518805473852967
CITY_WHERE_OFFENDER_BORN_PORTSMITH,0.00037455488091338253
CITY_WHERE_OFFENDER_BORN_SEATTLE,0.00037380585225995705
PRIMARY_OFFENSE_CODE_AWDWWITKISI,0.0003727644221289445
CITY_WHERE_OFFENDER_BORN_LOUISVILLE,0.0003692961228957926
NC_COUNTY_WHERE_OFFENDER_BORN_ORANGE,0.0003649518321967224
CITY_WHERE_OFFENDER_BORN_NEWPORT NEWS,0.0003605541030935534
COUNTY_OF_CONVICTION_CODE_SCOTLAND,0.00036020168330199207
NC_COUNTY_WHERE_OFFENDER_BORN_LEE,0.0003552911639205646
CITY_WHERE_OFFENDER_BORN_NEWARK,0.0003548366653974189
COUNTY_OF_CONVICTION_CODE_WASHINGTON,0.0003547997468748429
STATE_WHERE_OFFENDER_BORN_MISSOURI,0.0003532293197501401
COUNTRY_WHERE_OFFENDER_BORN_TRINIDAD & TOBAGO,0.0003528144114920229
PRIMARY_OFFENSE_CODE_OTHER FELON,0.0003508609160062106
OFFENDER_EYE_COLOR_CODE_MIXED,0.000349643878429522
CITY_WHERE_OFFENDER_BORN_FLINT,0.00034943668696651835
COUNTY_OF_CONVICTION_CODE_HAYWOOD,0.00034920161793395226
SENTENCING_PENALTY_CLASS_CODE_MISD.(PRE-STRUCTURE),0.00034906059473528397
STATE_WHERE_OFFENDER_BORN_GEORGIA,0.0003476295249914748
PRIMARY_OFFENSE_CODE_PWISD COUNTERFEIT CS,0.0003465160812070748
PRIMARY_OFFENSE_CODE_ESCAPE PRISON,0.00034427532353421565
NC_COUNTY_WHERE_OFFENDER_BORN_MCDOWELL,0.00034324207690791374
OFFENDER_RACE_CODE_ASIAN/ORTL,0.00034142212831210494
PRIMARY_OFFENSE_CODE_COMMON LAW UTTERING,0.0003408070526712031
STATE_WHERE_OFFENDER_BORN_MICHIGAN,0.0003398539182786537
STATE_WHERE_OFFENDER_BORN_ARIZONA,0.00033908532954818885
CITY_WHERE_OFFENDER_BORN_YORK,0.0003369371779530597
PRIMARY_OFFENSE_CODE_ASSAULT INFLICT SERI BODY INJ,0.00033643253541825813
STATE_WHERE_OFFENDER_BORN_ARKANSAS,0.0003362152218256324
NC_COUNTY_WHERE_OFFENDER_BORN_ALAMANCE,0.00033480939924783465
CITY_WHERE_OFFENDER_BORN_TARBORO,0.0003311262889158899
PRIMARY_OFFENSE_CODE_KIDNAPPING 2ND DEG OF A MINOR,0.00032962794705396897
PRIMARY_OFFENSE_CODE_KIDNAPPING 1ST DEGREE,0.0003239348956415166
PRIMARY_OFFENSE_CODE_FAIL VERFY ADDR SEXOFFENDR,0.0003208368715733697
PRIMARY_OFFENSE_CODE_RAPE SECOND DEGREE,0.0003203544568458133
PRIMARY_OFFENSE_CODE_ARSON 1ST DEGREE,0.0003183275345673935
PRIMARY_OFFENSE_CODE_DISCHG FIREARM-OCC PROPERTY,0.00031747858031060686
NC_COUNTY_WHERE_OFFENDER_BORN_MOORE,0.0003173364797003856
COUNTY_OF_CONVICTION_CODE_CHATHAM,0.0003165053919937159
PRIMARY_OFFENSE_CODE_DRUNK & DISORDERLY,0.00031540334525892726
CITY_WHERE_OFFENDER_BORN_WATERBURY,0.00031221380680426396
OFFENDER_ETHNIC_CODE_ASIAN,0.00031123204688733905
PRIMARY_OFFENSE_CODE_FAIL/NOTFY CHG ADDR SEXOFF,0.00030812265130475706
COUNTY_OF_CONVICTION_CODE_TRANSYLVANIA,0.00030774326924705464
STATE_WHERE_OFFENDER_BORN_DIST. COLUMBIA,0.00030532273620145577
STATE_WHERE_OFFENDER_BORN_OREGON,0.0003048828350408603
CITY_WHERE_OFFENDER_BORN_BUFFALO,0.0003048804709064322
CITY_WHERE_OFFENDER_BORN_STANFORD,0.0003037849134734299
CITY_WHERE_OFFENDER_BORN_OKLAHOMA CITY,0.0003036169394037567
PRIMARY_OFFENSE_CODE_UNAUTH USE MOTOR CONVEYANCE,0.000300875171400083
NC_COUNTY_WHERE_OFFENDER_BORN_SCOTLAND,0.0002992846724570736
CITY_WHERE_OFFENDER_BORN_EDENTON,0.0002976906505841158
COUNTY_OF_CONVICTION_CODE_CARTERET,0.00029754651569954105
PRIMARY_OFFENSE_CODE_ARMED ROBBERY,0.0002966910919313975
CITY_WHERE_OFFENDER_BORN_ATLANTIC CITY,0.0002966602470391078
CITY_WHERE_OFFENDER_BORN_MOORESVILLE,0.0002965228373565086
CITY_WHERE_OFFENDER_BORN_CHICAGO,0.00029634807988480216
PRIMARY_OFFENSE_CODE_LARCENY FROM MERCHANT,0.00029546928959778973
NC_COUNTY_WHERE_OFFENDER_BORN_WATAUGA,0.0002951765321257733
CITY_WHERE_OFFENDER_BORN_WILKESBORO,0.0002933772829172621
NC_COUNTY_WHERE_OFFENDER_BORN_ALEXANDER,0.0002915925540878254
NC_COUNTY_WHERE_OFFENDER_BORN_HERTFORD,0.00029115657559753723
NC_COUNTY_WHERE_OFFENDER_BORN_PENDER,0.00029037590031426335
STATE_WHERE_OFFENDER_BORN_UNKNOWN,0.00029022800750555126
CITY_WHERE_OFFENDER_BORN_AKRON,0.0002901658200820086
NC_COUNTY_WHERE_OFFENDER_BORN_CARTERET,0.00028998865836167093
CITY_WHERE_OFFENDER_BORN_BOONE,0.00028577672367188447
CITY_WHERE_OFFENDER_BORN_ELIZABETHTOWN,0.00028462050682838235
STATE_WHERE_OFFENDER_BORN_NEW JERSEY,0.000283283271348573
PRIMARY_OFFENSE_CODE_SELL CONTROL SUBSTANCE,0.0002806267945798675
NC_COUNTY_WHERE_OFFENDER_BORN_SURRY,0.00027995599918199026
CITY_WHERE_OFFENDER_BORN_SNOW HILL,0.0002787590037826463
CITY_WHERE_OFFENDER_BORN_PUERTO RICO,0.0002782268561572919
PRIMARY_OFFENSE_CODE_CHILD ABUSE,0.0002774321757573855
CITY_WHERE_OFFENDER_BORN_MIAMI,0.0002766677598031547
PRIMARY_OFFENSE_CODE_CONSPIRACY,0.0002761810241495894
NC_COUNTY_WHERE_OFFENDER_BORN_ASHE,0.00027533695176041955
STATE_WHERE_OFFENDER_BORN_DELAWARE,0.00027226722600913754
STATE_WHERE_OFFENDER_BORN_MISSISSIPPI,0.0002721589563099485
NC_COUNTY_WHERE_OFFENDER_BORN_ROBESON,0.0002719674988377019
PRIMARY_OFFENSE_CODE_SELL SCHEDULE III,0.0002712810898690744
CITY_WHERE_OFFENDER_BORN_BURLINGTON,0.00027126581116252693
CITY_WHERE_OFFENDER_BORN_DETROIT,0.0002684982525808046
CITY_WHERE_OFFENDER_BORN_AHOSKIE,0.0002669132839748929
COMPONENT_DISPOSITION_CODE_NEGOTIATED PLEA,0.0002665217917370292
CITY_WHERE_OFFENDER_BORN_ORLANDO,0.0002646433412939948
CITY_WHERE_OFFENDER_BORN_JOHNSON CITY,0.000263644837924324
PRIMARY_OFFENSE_CODE_LARCENY OF DOGS,0.0002632680329627811
CITY_WHERE_OFFENDER_BORN_HOUSTON,0.0002631329075171399
PRIMARY_OFFENSE_CODE_ESCAPE JAIL,0.00026157508748714557
PRIMARY_OFFENSE_CODE_LARCENY FROM CONSTRUCTION SITE,0.00026116096050772227
CITY_WHERE_OFFENDER_BORN_FT LAUDERDALE,0.0002590113791012575
CITY_WHERE_OFFENDER_BORN_LITTLE ROCK,0.00025840530777167947
CITY_WHERE_OFFENDER_BORN_LINCOLNTON,0.0002573559519308346
NC_COUNTY_WHERE_OFFENDER_BORN_ONSLOW,0.00025502993268194365
NC_COUNTY_WHERE_OFFENDER_BORN_CASWELL,0.0002547207100988629
STATE_WHERE_OFFENDER_BORN_MINNESOTA,0.00025265317988259285
CITY_WHERE_OFFENDER_BORN_TRYON,0.00024952043417938644
CITY_WHERE_OFFENDER_BORN_ASHEBORO,0.00024778613750437833
PRIMARY_OFFENSE_CODE_CONVERSION BY BAILEE,0.00024754210425301525
COUNTY_OF_CONVICTION_CODE_DARE,0.00024688676050951326
STATE_WHERE_OFFENDER_BORN_PENNSYLVANIA,0.00024641118902628354
NC_COUNTY_WHERE_OFFENDER_BORN_RANDOLPH,0.0002458558731440314
CITY_WHERE_OFFENDER_BORN_JACKSONVILLE,0.00024516812367492
CITY_WHERE_OFFENDER_BORN_MONROE,0.00024411161312032527
STATE_WHERE_OFFENDER_BORN_CONNECTICUT,0.00024282136496738864
OFFENDER_CITIZENSHIP_CODE_NATURALIZED,0.0002424187548908527
PRIMARY_OFFENSE_CODE_DAMAGE TO PROPERTY,0.00024072338911587332
CITY_WHERE_OFFENDER_BORN_HENDERSON,0.00024031478787296822
CITY_WHERE_OFFENDER_BORN_WINDSOR,0.00024010362751540596
CITY_WHERE_OFFENDER_BORN_SAN DIEGO,0.0002386574633549494
NC_COUNTY_WHERE_OFFENDER_BORN_BLADEN,0.0002380009462387441
PRIMARY_OFFENSE_CODE_TAMPER WITH MOTOR VEHICLE,0.000237867417329642
CITY_WHERE_OFFENDER_BORN_SAVANNAH,0.0002377287735092127
CITY_WHERE_OFFENDER_BORN_CARTHAGE,0.00023763152234794534
CITY_WHERE_OFFENDER_BORN_CHESTER,0.00023731203125491136
SENTENCING_PENALTY_CLASS_CODE_CLASS B2 SS,0.0002367555078565673
CITY_WHERE_OFFENDER_BORN_EAST ORANGE,0.00023641777220980873
CITY_WHERE_OFFENDER_BORN_NORWALK,0.0002362547422065699
PRIMARY_OFFENSE_CODE_AWDW,0.0002349794149576963
CITY_WHERE_OFFENDER_BORN_LAURINBURG,0.00023488343622263545
PRIMARY_OFFENSE_CODE_MAINT ANY PLACE CONTR SUB,0.0002347816031353817
NC_COUNTY_WHERE_OFFENDER_BORN_LINCOLN,0.00023474490539963924
NC_COUNTY_WHERE_OFFENDER_BORN_VANCE,0.00023423308161669607
CITY_WHERE_OFFENDER_BORN_CAMDEN,0.0002274890178396388
CITY_WHERE_OFFENDER_BORN_KINGS MOUNTAIN,0.00022699636350227077
CITY_WHERE_OFFENDER_BORN_WADESBORO,0.0002255699102175525
CITY_WHERE_OFFENDER_BORN_SACRAMENTO,0.00022544163052995976
STATE_WHERE_OFFENDER_BORN_OHIO,0.00022446797371450167
CITY_WHERE_OFFENDER_BORN_MEXICO,0.00022435136805226964
CITY_WHERE_OFFENDER_BORN_BURGAW,0.00022411316213588478
PRIMARY_OFFENSE_CODE_COMMON LAW FORGERY,0.00022404088429103068
NC_COUNTY_WHERE_OFFENDER_BORN_MONTGOMERY,0.00022159990170079986
NC_COUNTY_WHERE_OFFENDER_BORN_GREENE,0.00021884205542538736
NC_COUNTY_WHERE_OFFENDER_BORN_EDGECOMBE,0.0002151767635241435
COUNTY_OF_CONVICTION_CODE_HERTFORD,0.00021469366424358826
CITY_WHERE_OFFENDER_BORN_EDEN,0.00021413899731420111
CITY_WHERE_OFFENDER_BORN_LENOIR,0.00021342623759296734
PRIMARY_OFFENSE_CODE_HABITUAL MISDEMEANOR ASSAULT,0.00021155877125667144
CITY_WHERE_OFFENDER_BORN_CLEVELAND,0.000210975022302113
CITY_WHERE_OFFENDER_BORN_MT VERNON,0.00020930480216375437
PRIMARY_OFFENSE_CODE_ASSAULT ISI,0.00020842713966340285
CITY_WHERE_OFFENDER_BORN_ALBEMARLE,0.00020807310430431806
CITY_WHERE_OFFENDER_BORN_TAMPA,0.00020782028383266608
NC_COUNTY_WHERE_OFFENDER_BORN_DUPLIN,0.00020763744432095722
COUNTY_OF_CONVICTION_CODE_JACKSON,0.000207080926238684
STATE_WHERE_OFFENDER_BORN_TENNESSEE,0.00020557083938793194
CITY_WHERE_OFFENDER_BORN_BALTIMORE,0.00020519271654410368
STATE_WHERE_OFFENDER_BORN_COLORADO,0.00020243129823495918
PRIMARY_OFFENSE_CODE_ASSAULT ON POLICEMAN,0.00019820471295235853
CITY_WHERE_OFFENDER_BORN_GUERRERO,0.0001980428395302753
COUNTY_OF_CONVICTION_CODE_CAMDEN,0.00019764290917152996
PRIMARY_OFFENSE_CODE_SHOPLIFTING,0.00019433951119342008
CITY_WHERE_OFFENDER_BORN_ROXBORO,0.00019425678523359342
PRIMARY_OFFENSE_CODE_WANTON INJ PER/PROP GT $200,0.00019402290819576557
NC_COUNTY_WHERE_OFFENDER_BORN_HALIFAX,0.000193872038023223
COUNTY_OF_CONVICTION_CODE_CURRITUCK,0.00019187137135750194
CITY_WHERE_OFFENDER_BORN_BRIDGEPORT,0.000190414408159783
NC_COUNTY_WHERE_OFFENDER_BORN_BERTIE,0.00019016736472825737
NC_COUNTY_WHERE_OFFENDER_BORN_CHOWAN,0.00018935174342781978
COUNTY_OF_CONVICTION_CODE_RICHMOND,0.00018853815211033602
COUNTY_OF_CONVICTION_CODE_PERQUIMANS,0.00018838065779214737
STATE_WHERE_OFFENDER_BORN_TEXAS,0.00018837311087100704
NC_COUNTY_WHERE_OFFENDER_BORN_STANLY,0.00018695294950903143
NC_COUNTY_WHERE_OFFENDER_BORN_CALDWELL,0.0001864668153380232
NC_COUNTY_WHERE_OFFENDER_BORN_CRAVEN,0.0001864545946877837
COUNTY_OF_CONVICTION_CODE_BERTIE,0.00018438240611670214
PRIMARY_OFFENSE_CODE_SEX EXPLOIT MINOR 2ND DEGREE,0.00018426971270453068
CITY_WHERE_OFFENDER_BORN_WEST PALM BEACH,0.00018383820472654957
CITY_WHERE_OFFENDER_BORN_LOS ANGELES,0.00018380369448367986
PRIMARY_OFFENSE_CODE_LARCENY BY SERVANT/EMPLOYEE,0.00018313774654276182
CITY_WHERE_OFFENDER_BORN_THOMASVILLE,0.000179160289271014
OFFENDER_CITIZENSHIP_CODE_UNKNOWN,0.00017849694573496082
CITY_WHERE_OFFENDER_BORN_DOVER,0.00017530367025054276
STATE_WHERE_OFFENDER_BORN_MASSACHUSETTS,0.00017489925803975756
CITY_WHERE_OFFENDER_BORN_WASHINGTON,0.000174822617772798
NC_COUNTY_WHERE_OFFENDER_BORN_HAYWOOD,0.00017456089988647264
CITY_WHERE_OFFENDER_BORN_PHILADELPHIA,0.00017233978142934092
PRIMARY_OFFENSE_CODE_PROF/HARRSS/THREAT LANG PHONE,0.00017196381188051404
CITY_WHERE_OFFENDER_BORN_ROANOKE RAPIDS,0.00017142619134620943
PRIMARY_OFFENSE_CODE_SOL SEX BY COMPUTER /CHILD,0.00017134800223263485
CITY_WHERE_OFFENDER_BORN_BLUEFIELD,0.00017121821829286328
NC_COUNTY_WHERE_OFFENDER_BORN_UNION,0.0001706294179843345
CITY_WHERE_OFFENDER_BORN_OXFORD,0.0001703337702315529
COUNTY_OF_CONVICTION_CODE_PERSON,0.00017020659022110038
NC_COUNTY_WHERE_OFFENDER_BORN_MARTIN,0.00016541855358509234
STATE_WHERE_OFFENDER_BORN_CALIFORNIA,0.00016538099010193598
CITY_WHERE_OFFENDER_BORN_CHARLESTON,0.0001645288840280219
CITY_WHERE_OFFENDER_BORN_AUGUSTA,0.00016415128733615248
PRIMARY_OFFENSE_CODE_SELL SCHEDULE I,0.00016385734312136707
PRIMARY_OFFENSE_CODE_POSSESS WEAPON MASS DEST,0.00016209492750615665
CITY_WHERE_OFFENDER_BORN_DUNN,0.00016006524734432225
PRIMARY_OFFENSE_CODE_POSS/DISTRI METH PRECURSOR,0.00015966577886653797
COUNTY_OF_CONVICTION_CODE_ASHE,0.00015643825339401482
CITY_WHERE_OFFENDER_BORN_NEW BERN,0.00015518732075203042
CITY_WHERE_OFFENDER_BORN_MOREHEAD CITY,0.0001549321126348744
PRIMARY_OFFENSE_CODE_SEXUAL OFF 1ST DEGR W/CHILD,0.00015471591827635533
PRIMARY_OFFENSE_CODE_RAPE LESS THAN AGE 13,0.00015361983061061576
NC_COUNTY_WHERE_OFFENDER_BORN_ANSON,0.00015341948323847537
PRIMARY_OFFENSE_CODE_HIT AND RUN,0.00015230742579387042
PRIMARY_OFFENSE_CODE_FAIL/NOTIFY DMV CHG ADDRESS,0.00015164629597431251
NC_COUNTY_WHERE_OFFENDER_BORN_MITCHELL,0.0001513921758215163
PRIMARY_OFFENSE_CODE_VIOLATION CONT SUB PENAL INST,0.00015125213097109011
CITY_WHERE_OFFENDER_BORN_TULSA,0.00014894236605717353
COUNTY_OF_CONVICTION_CODE_DUPLIN,0.00014838140949907668
PRIMARY_OFFENSE_CODE_ASSAULT BY STRANGULATION,0.00014598836865667008
CITY_WHERE_OFFENDER_BORN_MEMPHIS,0.00014565070114061816
CITY_WHERE_OFFENDER_BORN_HARTFORD,0.00014542258751573916
CITY_WHERE_OFFENDER_BORN_BOSTON,0.00014417077167782082
OFFENDER_RACE_CODE_UNKNOWN,0.00014296334774867712
PRIMARY_OFFENSE_CODE_FAILURE TO APPEAR,0.0001413867220875758
CITY_WHERE_OFFENDER_BORN_SILER CITY,0.0001409523356465139
CITY_WHERE_OFFENDER_BORN_ELKIN,0.00014052095538014947
NC_COUNTY_WHERE_OFFENDER_BORN_HARNETT,0.000140215015319268
CITY_WHERE_OFFENDER_BORN_NEWPORT,0.00013993281308976024
STATE_WHERE_OFFENDER_BORN_KANSAS,0.00013780436561408626
STATE_WHERE_OFFENDER_BORN_OKLAHOMA,0.00013655817122816728
CITY_WHERE_OFFENDER_BORN_TROY,0.00013528695910736583
PRIMARY_OFFENSE_CODE_TRAFFICKING SCHEDULE I,0.0001351173202333949
COUNTRY_WHERE_OFFENDER_BORN_HONDURAS,0.00013415576397806777
CITY_WHERE_OFFENDER_BORN_RUTHERFORDTON,0.00013342905581576186
PRIMARY_OFFENSE_CODE_CRIME AGAINST NATURE,0.0001320964750416299
CITY_WHERE_OFFENDER_BORN_VIRGINIA BEACH,0.00013149495622208327
CITY_WHERE_OFFENDER_BORN_PLAINFIELD,0.00012977100884686304
PRIMARY_OFFENSE_CODE_RECEIVING/POSSESSING FIREARM,0.0001264526532909783
CITY_WHERE_OFFENDER_BORN_JACKSON,0.0001251892262138819
PRIMARY_OFFENSE_CODE_VIOLATE VEHICLE REGISTRATION,0.00012495879801546463
CITY_WHERE_OFFENDER_BORN_RICHMOND,0.00012490283358989717
CITY_WHERE_OFFENDER_BORN_MEXICO CITY,0.00012193162646992059
PRIMARY_OFFENSE_CODE_SAFECRACKING/SAFE ROBBERY,0.00012074808444165094
OFFENDER_BODY_BUILD_CODE_UNKNOWN,0.00011928267447415155
CITY_WHERE_OFFENDER_BORN_ELIZABETH,0.00011912288546111088
CITY_WHERE_OFFENDER_BORN_ROCK HILL,0.00011892985031787986
CITY_WHERE_OFFENDER_BORN_ROCKINGHAM,0.00011444941981996803
PRIMARY_OFFENSE_CODE_OPER/M.V.WITHOUT/FIN. RESPONS.,0.00011265348253045078
NC_COUNTY_WHERE_OFFENDER_BORN_GRANVILLE,0.00011194972957965162
CITY_WHERE_OFFENDER_BORN_FRANKLIN,0.00011125165623024082
PRIMARY_OFFENSE_CODE_EMBEZZLEMENT,0.00011082258351940657
PRIMARY_OFFENSE_CODE_DISORDERLY CONDUCT,0.00011038106810624333
PRIMARY_OFFENSE_CODE_SEX OFFSE SUB PARENT/CUSTODIAN,0.00010964343372108805
CITY_WHERE_OFFENDER_BORN_WINSTONSALEM,0.00010932553822006102
CITY_WHERE_OFFENDER_BORN_PINEHURST,0.00010577665543660466
CITY_WHERE_OFFENDER_BORN_HARLEM,0.00010545130656017743
PRIMARY_OFFENSE_CODE_BURNING PERSONAL PROPERTY,0.0001052219073939077
PRIMARY_OFFENSE_CODE_INMATE POSSESS WEAPON,0.00010427960021319602
CITY_WHERE_OFFENDER_BORN_DILLON,0.0001042306425248357
PRIMARY_OFFENSE_CODE_CRIMINAL CONTEMPT,0.00010316218375631522
OFFENDER_HAIR_COLOR_CODE_OTHER,0.00010203855288919293
CITY_WHERE_OFFENDER_BORN_ERWIN,0.00010184871875891556
CITY_WHERE_OFFENDER_BORN_WILLIAMSTON,0.00010100029186662843
OFFENDER_SKIN_COMPLEXION_CODE_UNKNOWN,0.0001002400671131589
PRIMARY_OFFENSE_CODE_BAN NETWORK WEBSITE BY SEXOFF,9.965898360261913e-05
CITY_WHERE_OFFENDER_BORN_LORIS,9.878171614169217e-05
NC_COUNTY_WHERE_OFFENDER_BORN_POLK,9.773685664897584e-05
COUNTY_OF_CONVICTION_CODE_MADISON,9.688470706250966e-05
CITY_WHERE_OFFENDER_BORN_BRUNSWICK,9.617837941139684e-05
STATE_WHERE_OFFENDER_BORN_ALABAMA,9.573042055222372e-05
PRIMARY_OFFENSE_CODE_SEXUAL OFFENSE 1ST DEGREE,9.353507401641435e-05
CITY_WHERE_OFFENDER_BORN_DANVILLE,9.266248577698727e-05
CITY_WHERE_OFFENDER_BORN_SPRUCE PINE,8.966062132006155e-05
PRIMARY_OFFENSE_CODE_TRAFFICKING SCHEDULE VI,8.922123652872782e-05
CITY_WHERE_OFFENDER_BORN_TAYLORSVILLE,8.874008339062133e-05
CITY_WHERE_OFFENDER_BORN_YADKINVILLE,8.675978962528286e-05
CITY_WHERE_OFFENDER_BORN_WAYNESVILLE,8.444067990297291e-05
PRIMARY_OFFENSE_CODE_INTERFERING W/ EMERGENCY COMMU,8.404480024401295e-05
CITY_WHERE_OFFENDER_BORN_SPARTANBURG,8.124270084096882e-05
CITY_WHERE_OFFENDER_BORN_JEFFERSON,7.997203248991638e-05
PRIMARY_OFFENSE_CODE_CARRY CONCEALED WEAPON,7.90187608538365e-05
CITY_WHERE_OFFENDER_BORN_FLORENCE,7.721380490519488e-05
NC_COUNTY_WHERE_OFFENDER_BORN_YADKIN,7.352465649019879e-05
NC_COUNTY_WHERE_OFFENDER_BORN_BEAUFORT,7.07327813043605e-05
CITY_WHERE_OFFENDER_BORN_KINGS MTN,6.921825301074864e-05
CITY_WHERE_OFFENDER_BORN_TRENTON,6.754275560254711e-05
PRIMARY_OFFENSE_CODE_POSSESS SCHEDULE IV,6.748611246589792e-05
PRIMARY_OFFENSE_CODE_DEL/SELL SCHEDULE I,6.475695812623908e-05
PRIMARY_OFFENSE_CODE_HIT/RUN SER INJ/DEATH,6.304536076726557e-05
PRIMARY_OFFENSE_CODE_CHILD ABUSE ISI,6.176137546924201e-05
NC_COUNTY_WHERE_OFFENDER_BORN_MACON,6.157214451677642e-05
NC_COUNTY_WHERE_OFFENDER_BORN_PERSON,6.082413291914157e-05
CITY_WHERE_OFFENDER_BORN_BRONX,5.9188362743310083e-05
CITY_WHERE_OFFENDER_BORN_NEW ORLEANS,5.71784074703228e-05
PRIMARY_OFFENSE_CODE_POSSESS WITS SCHEDULE IV,5.5696096860456264e-05
PUNISHMENT_TYPE_CODE_NON JUDGMENT CASES,5.5547211766983176e-05
CITY_WHERE_OFFENDER_BORN_NEW HAVEN,5.137030399683014e-05
NC_COUNTY_WHERE_OFFENDER_BORN_OTHER,5.0463131171877825e-05
CITY_WHERE_OFFENDER_BORN_DANBURY,4.9139503834578054e-05
PRIMARY_OFFENSE_CODE_FELONIOUS RESTRAINT,4.808030873367113e-05
CITY_WHERE_OFFENDER_BORN_LONG ISLAND,4.6796437785030657e-05
PRIMARY_OFFENSE_CODE_MANUFACTURE SCHEDULE II,4.641375973861946e-05
CITY_WHERE_OFFENDER_BORN_NEW YORK,4.638330716203704e-05
CITY_WHERE_OFFENDER_BORN_NASHVILLE,4.5169358726620756e-05
PRIMARY_OFFENSE_CODE_RAPE FIRST DEGREE,4.286972945091213e-05
COUNTRY_WHERE_OFFENDER_BORN_EL SALVADOR,4.280726181346655e-05
CITY_WHERE_OFFENDER_BORN_PATTERSON,3.633560541030102e-05
PRIMARY_OFFENSE_CODE_OBSTRUCTING JUSTICE,3.488023043736305e-05
PRIMARY_OFFENSE_CODE_DEFRAUD DRUG/ALCOHOL TEST,3.4571402131465244e-05
NC_COUNTY_WHERE_OFFENDER_BORN_SWAIN,3.432614589239456e-05
OFFENDER_ETHNIC_CODE_PACIFIC ISLANDER,3.414264434584013e-05
CITY_WHERE_OFFENDER_BORN_SYLVA,3.315642138068666e-05
PRIMARY_OFFENSE_CODE_BURNING OTHER PROPERTY,3.31509078326536e-05
PRIMARY_OFFENSE_CODE_STAT RAPE/SEX OFFN < 6YR,3.218105728516743e-05
PRIMARY_OFFENSE_CODE_B&E HOUSE OF WORSHIP,3.1173648282982825e-05
PRIMARY_OFFENSE_CODE_MURDER FIRST DEGREE,3.02165838196597e-05
PRIMARY_OFFENSE_CODE_SEXOFFENDR RESIDENCE VIOLATION,2.8473190434310394e-05
PRIMARY_OFFENSE_CODE_MANUFACTURE SCHEDULE VI,2.7787720201556416e-05
NC_COUNTY_WHERE_OFFENDER_BORN_RICHMOND,2.752517676166597e-05
PRIMARY_OFFENSE_CODE_INJURE WIRES OF TELE/TELG CO,2.7481759637963704e-05
PRIMARY_OFFENSE_CODE_CONTRI.DELINQ OF MINOR,2.7302311856703127e-05
PRIMARY_OFFENSE_CODE_RECKLESS DRIVING,2.677220978866327e-05
PRIMARY_OFFENSE_CODE_WORTHLESS CHECKS OVER $2000,2.65850906279673e-05
NC_COUNTY_WHERE_OFFENDER_BORN_CHATHAM,2.4377650811180586e-05
COUNTY_OF_CONVICTION_CODE_PAMLICO,2.299846550847423e-05
COUNTRY_WHERE_OFFENDER_BORN_JAMAICA,2.297511328528764e-05
PRIMARY_OFFENSE_CODE_FAILING TO RETURN RENTED PROPE,2.2820634191026e-05
CITY_WHERE_OFFENDER_BORN_VERA CRUZ,2.0558690792159134e-05
COUNTRY_WHERE_OFFENDER_BORN_NIGERIA,2.0123043354226886e-05
CITY_WHERE_OFFENDER_BORN_KENANSVILLE,1.9981226375191207e-05
PRIMARY_OFFENSE_CODE_INMATE/PSS/TABC/MOB/OTHER/DEV,1.9600296808675455e-05
COUNTRY_WHERE_OFFENDER_BORN_GUATEMALA,1.9494060345079638e-05
CITY_WHERE_OFFENDER_BORN_LAKELAND,1.9461194547688373e-05
PRIMARY_OFFENSE_CODE_SELL SCHEDULE IV,1.8718166675412986e-05
CITY_WHERE_OFFENDER_BORN_MOUNT AIRY,1.7927695202849064e-05
PRIMARY_OFFENSE_CODE_NON/COMP-FAIL TO REG SEX OFF,1.7380463410507866e-05
COUNTRY_WHERE_OFFENDER_BORN_KAZAKHSTAN,1.7355977781630394e-05
PRIMARY_OFFENSE_CODE_POSSESS CONTROL SUBSTANCE,1.707199094685885e-05
SENTENCING_PENALTY_CLASS_CODE_CLASS J FAIR SENTENCING,1.602567631221999e-05
PUNISHMENT_TYPE_CODE_PRE-FAIR,1.6018311127270612e-05
PRIMARY_OFFENSE_CODE_INVOLUNTARY MANSLAUGHTER,1.5989570347823317e-05
PRIMARY_OFFENSE_CODE_B&E PAPER CURRENCY MACHINE 1ST,1.5815942686336866e-05
PRIMARY_OFFENSE_CODE_TRAFF/STOLEN IDENTITIES,1.565919799722262e-05
CITY_WHERE_OFFENDER_BORN_BRYSON CITY,1.55961816988807e-05
CITY_WHERE_OFFENDER_BORN_SPARTA,1.5484545916151575e-05
CITY_WHERE_OFFENDER_BORN_NORTH WILKESBOR,1.5403405450402488e-05
CITY_WHERE_OFFENDER_BORN_BELLEVILLE,1.5267245131519268e-05
PRIMARY_OFFENSE_CODE_TRAFFICK OPIUM/HEROIN 28 GRAMS,1.439980880735925e-05
CITY_WHERE_OFFENDER_BORN_MURPHY,1.376044840662976e-05
PRIMARY_OFFENSE_CODE_DEATH BY VEHICLE  FELONY,1.3674503228697367e-05
CITY_WHERE_OFFENDER_BORN_PORTSMOUTH,1.3216849522578763e-05
CITY_WHERE_OFFENDER_BORN_UNKN,1.2942445033701848e-05
CITY_WHERE_OFFENDER_BORN_MOUNTAIN HOME,1.274386070287948e-05
CITY_WHERE_OFFENDER_BORN_OSWEGO,1.262024196882243e-05
CITY_WHERE_OFFENDER_BORN_ASHBORO,1.1762402456580156e-05
PRIMARY_OFFENSE_CODE_POSSESSION OF BURGLARY TOOLS,1.1467194025033626e-05
CITY_WHERE_OFFENDER_BORN_PONTIAC,1.1450268355594377e-05
CITY_WHERE_OFFENDER_BORN_COLUMBIA,1.1311446174837667e-05
COUNTY_OF_CONVICTION_CODE_CHEROKEE,1.1247395269874446e-05
CITY_WHERE_OFFENDER_BORN_TABOR CITY,1.0473106037232808e-05
SENTENCING_PENALTY_CLASS_CODE_CLASS A,1.0409807827464254e-05
PRIMARY_OFFENSE_CODE_STAT RAPE/SEX OFFN >= 6 YR,1.0311993926908682e-05
CITY_WHERE_OFFENDER_BORN_EL SALVADOR,1.0297847553554461e-05
PRIMARY_OFFENSE_CODE_SHOPLIFT CONCEAL DEVICE,1.0103377313018072e-05
COUNTRY_WHERE_OFFENDER_BORN_DOMINICAN REPUBLIC,9.950687331776977e-06
PRIMARY_OFFENSE_CODE_POSSESSION OF WEAPON ON CAMPUS,9.872703274525763e-06
COUNTRY_WHERE_OFFENDER_BORN_VIETNAM,9.692622676435493e-06
PRIMARY_OFFENSE_CODE_MANUFACTURE CONTROL SUBSTANCE,9.494684226046431e-06
CITY_WHERE_OFFENDER_BORN_ONTARIO,9.405469897068718e-06
NC_COUNTY_WHERE_OFFENDER_BORN_JACKSON,9.383032440023976e-06
OFFENDER_HAIR_COLOR_CODE_UNKNOWN,9.35904774862242e-06
PRIMARY_OFFENSE_CODE_CHILD ABUSE - INTENT ISBI,9.294610819019457e-06
COUNTRY_WHERE_OFFENDER_BORN_THAILAND,9.283735162762702e-06
PRIMARY_OFFENSE_CODE_ASSAULT,9.220309180198467e-06
CITY_WHERE_OFFENDER_BORN_JAMAICA QUEENS,9.016803510864615e-06
NC_COUNTY_WHERE_OFFENDER_BORN_CHEROKEE,8.954136574411803e-06
PRIMARY_OFFENSE_CODE_TRANSPORTATION OF COPPER,8.821237511666987e-06
CITY_WHERE_OFFENDER_BORN_ATHENS,8.820082559323605e-06
CITY_WHERE_OFFENDER_BORN_FORT WAYNE,8.700386533695332e-06
CITY_WHERE_OFFENDER_BORN_ST LOUIS,8.59758912554962e-06
CITY_WHERE_OFFENDER_BORN_BURNSVILLE,8.571170117473697e-06
CITY_WHERE_OFFENDER_BORN_DECATUR,8.454680082886439e-06
CITY_WHERE_OFFENDER_BORN_KHOURTOM,8.442872822804273e-06
CITY_WHERE_OFFENDER_BORN_YOUNGSVILLE,8.100148113114586e-06
CITY_WHERE_OFFENDER_BORN_SAN JUAN,8.067983598070106e-06
CITY_WHERE_OFFENDER_BORN_VERACRUZ,8.01766984808474e-06
PRIMARY_OFFENSE_CODE_B & E & L,8.013417428277236e-06
NC_COUNTY_WHERE_OFFENDER_BORN_TRANSYLVANIA,7.805903982467807e-06
CITY_WHERE_OFFENDER_BORN_BELHAVEN,7.764411185333079e-06
PRIMARY_OFFENSE_CODE_OTHER MISDEMEANANT,7.4835854465490135e-06
PRIMARY_OFFENSE_CODE_LOITER FOR PROSTITUTION,7.457538958360181e-06
PRIMARY_OFFENSE_CODE_FOOD STAMP FRAUD > $400,7.072528620472493e-06
CITY_WHERE_OFFENDER_BORN_SPRING LAKE,6.909725753757977e-06
CITY_WHERE_OFFENDER_BORN_AVON PARK,6.837152782938019e-06
PRIMARY_OFFENSE_CODE_POSS PRECURSOR WIT MANUFACTURE,6.800796347856865e-06
CITY_WHERE_OFFENDER_BORN_MONROVIA,6.7573151337394515e-06
CITY_WHERE_OFFENDER_BORN_SAINT LOUIS,6.1411350896782964e-06
PRIMARY_OFFENSE_CODE_TRAFFICKING SCHEDULE IV,6.1080649050675145e-06
COUNTRY_WHERE_OFFENDER_BORN_U.S. VIRGIN ISLANDS,6.10424634783952e-06
CITY_WHERE_OFFENDER_BORN_CHIAPAS,6.011553484976635e-06
PRIMARY_OFFENSE_CODE_TRAFFICK COCAINE 200-399 GRAMS,5.93957196431001e-06
CITY_WHERE_OFFENDER_BORN_BANNER ELK,5.819865127742956e-06
SENTENCING_PENALTY_CLASS_CODE_FELONS (PREFAIR),5.748929214432661e-06
PRIMARY_OFFENSE_CODE_UNLAWFUL RACING,5.702172648680842e-06
PRIMARY_OFFENSE_CODE_INCEST - FELON,5.443773159568384e-06
NC_COUNTY_WHERE_OFFENDER_BORN_JONES,5.389796001664598e-06
CITY_WHERE_OFFENDER_BORN_CHERAW,5.177920861421062e-06
PRIMARY_OFFENSE_CODE_CRUELTY TO ANIMALS,4.9803496532248966e-06
CITY_WHERE_OFFENDER_BORN_MORELIA,4.959854299752888e-06
NC_COUNTY_WHERE_OFFENDER_BORN_BRUNSWICK,4.924743685744673e-06
CITY_WHERE_OFFENDER_BORN_HAMPTON,4.88422219659326e-06
CITY_WHERE_OFFENDER_BORN_ALBERMARLE,4.840511722215671e-06
PRIMARY_OFFENSE_CODE_TRAFFICKING IN METHAMPHETAMINE,4.690397985246498e-06
PRIMARY_OFFENSE_CODE_CONSUME MALT BEV PASS AREA,4.659846985571761e-06
CITY_WHERE_OFFENDER_BORN_NEW YORK CITY,4.656950746439565e-06
CITY_WHERE_OFFENDER_BORN_NEWBURGH,4.458399664820643e-06
CITY_WHERE_OFFENDER_BORN_ALLENTOWN,4.418368475862948e-06
PRIMARY_OFFENSE_CODE_S/D CONTL SUB ON SCHOOL PROPTY,4.366753295098769e-06
PRIMARY_OFFENSE_CODE_CONSUME ALCHOL BEV < 21 AGE,4.2796757233811165e-06
PRIMARY_OFFENSE_CODE_KEEPING HIRED PROPERTY,4.0956266829388134e-06
PRIMARY_OFFENSE_CODE_EXTORTION,4.082033867384713e-06
CITY_WHERE_OFFENDER_BORN_PINEVILLE,3.986791863629444e-06
COUNTRY_WHERE_OFFENDER_BORN_VENEZUELA,3.946166148598501e-06
COUNTY_OF_CONVICTION_CODE_NORTHAMPTON,3.911371247336077e-06
CITY_WHERE_OFFENDER_BORN_ZACATECAS,3.902490407282773e-06
PRIMARY_OFFENSE_CODE_AISI LAW/PROB/PAR OFFIC W/DUTY,3.754410353078501e-06
PRIMARY_OFFENSE_CODE_DEL/SELL SCHEDULE III,3.729702193399856e-06
CITY_WHERE_OFFENDER_BORN_N.WILKESBORO,3.6985149010150416e-06
NC_COUNTY_WHERE_OFFENDER_BORN_YANCEY,3.6737347190911335e-06
PRIMARY_OFFENSE_CODE_BOMB THREAT,3.65804202748888e-06
CITY_WHERE_OFFENDER_BORN_ORANGE,3.6048177895931486e-06
CITY_WHERE_OFFENDER_BORN_TOMS RIVER,3.604634147809562e-06
CITY_WHERE_OFFENDER_BORN_BAUMHOLDER,3.5352393528996884e-06
STATE_WHERE_OFFENDER_BORN_RHODE ISLAND,3.5070967783109647e-06
CITY_WHERE_OFFENDER_BORN_WELCH,3.4854721810213877e-06
CITY_WHERE_OFFENDER_BORN_WAUKEGAN,3.4647717035431453e-06
STATE_WHERE_OFFENDER_BORN_WISCONSIN,3.430379131507121e-06
CITY_WHERE_OFFENDER_BORN_NEW LONDON,3.4161759346604114e-06
SENTENCING_PENALTY_CLASS_CODE_CLASS B,3.370568352093139e-06
PRIMARY_OFFENSE_CODE_SPEEDING,3.331554297898143e-06
CITY_WHERE_OFFENDER_BORN_FRANKFORD,3.2907713420963084e-06
PRIMARY_OFFENSE_CODE_PREPARATION TO COMMIT BURGLARY,3.266218768444521e-06
COMPONENT_DISPOSITION_CODE_APPEAL,3.254440460916177e-06
COUNTRY_WHERE_OFFENDER_BORN_U.S. MILITARY BASE,3.2131730010963633e-06
PRIMARY_OFFENSE_CODE_TRAFFICK COCAINE 28-199 GRAMS,3.1190193367765314e-06
PRIMARY_OFFENSE_CODE_INTIMIDATE WITNESSES,3.095999162187301e-06
CITY_WHERE_OFFENDER_BORN_BLAIRSVILLE,3.043397820042351e-06
PRIMARY_OFFENSE_CODE_TAMPER WITH SAT-BASED MONITOR,2.999867498855146e-06
CITY_WHERE_OFFENDER_BORN_ELM CITY,2.937139671381539e-06
CITY_WHERE_OFFENDER_BORN_DULUTH,2.8832658429546108e-06
CITY_WHERE_OFFENDER_BORN_GALAX,2.839688052612829e-06
PRIMARY_OFFENSE_CODE_FAIL TO HEED LIGHT/SIREN,2.8391629019793232e-06
CITY_WHERE_OFFENDER_BORN_BELLEVUE,2.8267309639535517e-06
PRIMARY_OFFENSE_CODE_EXPLOIT ELDER/DISABLED ADULT,2.8197604640365506e-06
CITY_WHERE_OFFENDER_BORN_LONGVIEW,2.78208918476383e-06
PRIMARY_OFFENSE_CODE_FALSE REPRESENTATION OF CERT,2.7141192088284535e-06
CITY_WHERE_OFFENDER_BORN_ROSEBORO,2.5741867349366696e-06
CITY_WHERE_OFFENDER_BORN_LOMPOC,2.3793104542417134e-06
CITY_WHERE_OFFENDER_BORN_WILKSBORO,2.2883506117867565e-06
CITY_WHERE_OFFENDER_BORN_STANTON,2.286795592435016e-06
PRIMARY_OFFENSE_CODE_TRAFFICK COCAINE >400 GRAMS,2.25308780356659e-06
CITY_WHERE_OFFENDER_BORN_BOILING SPRINGS,2.167433457428599e-06
CITY_WHERE_OFFENDER_BORN_BREVARD,2.1105854229771245e-06
CITY_WHERE_OFFENDER_BORN_DELAND,2.106622263768486e-06
PRIMARY_OFFENSE_CODE_FRAUD DISPOSAL SECRITY INTERES,2.0988350614328624e-06
CITY_WHERE_OFFENDER_BORN_EL PASO,2.063545590850011e-06
PRIMARY_OFFENSE_CODE_DEATH BY VEHICLE,2.052149830728052e-06
CITY_WHERE_OFFENDER_BORN_HONDURAS,2.0284391312908577e-06
CITY_WHERE_OFFENDER_BORN_MILWAUKEE,2.02598994623567e-06
CITY_WHERE_OFFENDER_BORN_CONOVER,1.992564383320246e-06
PRIMARY_OFFENSE_CODE_ARSON 2ND DEGREE,1.9862726137432363e-06
PRIMARY_OFFENSE_CODE_BURNING PRIVATE PROPERTY,1.971830741721708e-06
CITY_WHERE_OFFENDER_BORN_CATAWBA,1.968437589944189e-06
CITY_WHERE_OFFENDER_BORN_ORANGEBURG,1.9170139999184494e-06
CITY_WHERE_OFFENDER_BORN_BINGHAMTON,1.8989368452092862e-06
CITY_WHERE_OFFENDER_BORN_GRANITE CITY,1.8273816332628892e-06
COUNTRY_WHERE_OFFENDER_BORN_CZECHOSLOVAKIA,1.8161001112616073e-06
CITY_WHERE_OFFENDER_BORN_GREENWOOD,1.8158839053279729e-06
CITY_WHERE_OFFENDER_BORN_MANHATTEN,1.7232179924310844e-06
PRIMARY_OFFENSE_CODE_LARCENY OF MOTOR FUEL,1.71861534425311e-06
OFFENDER_HAIR_COLOR_CODE_WHITE,1.6803676191774907e-06
CITY_WHERE_OFFENDER_BORN_BRADENTON,1.6754267303931777e-06
CITY_WHERE_OFFENDER_BORN_AXTON,1.6724329469784602e-06
NC_COUNTY_WHERE_OFFENDER_BORN_STOKES,1.6647753969590855e-06
CITY_WHERE_OFFENDER_BORN_HOPE MILLS,1.6324173287984213e-06
CITY_WHERE_OFFENDER_BORN_TEPIC,1.5989540352668369e-06
CITY_WHERE_OFFENDER_BORN_SOUTH HILL,1.5627191231764523e-06
CITY_WHERE_OFFENDER_BORN_MOCKSVILLE,1.5049223927769786e-06
CITY_WHERE_OFFENDER_BORN_SPARTENBURG,1.4755676333898966e-06
PRIMARY_OFFENSE_CODE_CREDIT CARD FORGERY,1.4534228514844746e-06
"PRIMARY_OFFENSE_CODE_CUT,INJURE ANOTHER'S TIMBER",1.4494600706818823e-06
CITY_WHERE_OFFENDER_BORN_LOWELL,1.4098983942039288e-06
CITY_WHERE_OFFENDER_BORN_SOUTHFIELD,1.4080573575223656e-06
CITY_WHERE_OFFENDER_BORN_MACON,1.4042055932685866e-06
CITY_WHERE_OFFENDER_BORN_DADE CITY,1.4007936735045428e-06
CITY_WHERE_OFFENDER_BORN_APEX,1.318014145511955e-06
CITY_WHERE_OFFENDER_BORN_LONG BEACH,1.3096843588408479e-06
CITY_WHERE_OFFENDER_BORN_COLUMBUS,1.3041315062676498e-06
COUNTRY_WHERE_OFFENDER_BORN_CAMBODIA,1.3002168413250932e-06
PRIMARY_OFFENSE_CODE_FAIL TO OBTAIN TITLE/REG,1.295284374672056e-06
CITY_WHERE_OFFENDER_BORN_ABERDEEN,1.2921887715646753e-06
CITY_WHERE_OFFENDER_BORN_EMPORIA,1.2906136263167224e-06
CITY_WHERE_OFFENDER_BORN_KINGSTON,1.2378313550350224e-06
CITY_WHERE_OFFENDER_BORN_PINE HURST,1.2326906166544296e-06
COUNTY_OF_CONVICTION_CODE_HYDE,1.2200077255414505e-06
CITY_WHERE_OFFENDER_BORN_MADISONVILLE,1.2018537651920683e-06
PRIMARY_OFFENSE_CODE_FAILURE TO APPEAR FELONY,1.1411861399267633e-06
CITY_WHERE_OFFENDER_BORN_SEABOARD,1.1059406984022306e-06
COUNTRY_WHERE_OFFENDER_BORN_US PUERTO RICO,1.1006494942236922e-06
PRIMARY_OFFENSE_CODE_SERIOUS INJ B/VEHICLE FEL,1.0809840760384252e-06
CITY_WHERE_OFFENDER_BORN_BETHEL,1.0661340218147082e-06
CITY_WHERE_OFFENDER_BORN_CLEARWATER,1.0474665190724731e-06
COUNTRY_WHERE_OFFENDER_BORN_PANAMA,9.849836294007653e-07
PRIMARY_OFFENSE_CODE_EMPLOY SEC VIOLATION,9.594575120113667e-07
PRIMARY_OFFENSE_CODE_POSSESS WIT SELL CONTROL SUBST,9.475621100243197e-07
CITY_WHERE_OFFENDER_BORN_HUNTINGTON,8.828208360195023e-07
PUNISHMENT_TYPE_CODE_PRE-SS (FAIR) DCC,8.761279812127129e-07
PRIMARY_OFFENSE_CODE_FAIL TO STOP FOR SCHOOL BUS,8.738141783278015e-07
PRIMARY_OFFENSE_CODE_FAILURE TO STOP FOR ACCIDENT,7.907659576201691e-07
CITY_WHERE_OFFENDER_BORN_PLYMOUTH,7.816222714861276e-07
CITY_WHERE_OFFENDER_BORN_CANTON,7.787980991580368e-07
CITY_WHERE_OFFENDER_BORN_ZZ,7.633325159863816e-07
COUNTRY_WHERE_OFFENDER_BORN_BELIZE,7.573180788954213e-07
CITY_WHERE_OFFENDER_BORN_CHARLOTTESVILLE,7.526974430289844e-07
CITY_WHERE_OFFENDER_BORN_JERSEY CITY,7.403340433332227e-07
CITY_WHERE_OFFENDER_BORN_STATESBORO,7.356204588041e-07
CITY_WHERE_OFFENDER_BORN_DAYTONA BEACH,7.309113162201645e-07
OFFENDER_ETHNIC_CODE_ORIENTAL,7.290836284566818e-07
CITY_WHERE_OFFENDER_BORN_CHASE CITY,7.081250725825357e-07
CITY_WHERE_OFFENDER_BORN_READING,6.996891308198866e-07
PRIMARY_OFFENSE_CODE_ACCESSORY/AFTER/FACT/ANY FELON,6.946690065085739e-07
CITY_WHERE_OFFENDER_BORN_CHESTERFIELD,6.840109031169764e-07
CITY_WHERE_OFFENDER_BORN_OAKLAND,6.468120808518431e-07
PRIMARY_OFFENSE_CODE_WORTHLESS CHECKS CLOSED ACCT,6.464483139132485e-07
CITY_WHERE_OFFENDER_BORN_UNK,6.098260947967693e-07
PRIMARY_OFFENSE_CODE_TRESPASS,5.882443839364564e-07
PRIMARY_OFFENSE_CODE_FALSE STATE INSURANCE BENEFITS,5.869281741732868e-07
CITY_WHERE_OFFENDER_BORN_ANDREWS,5.626003117778644e-07
CITY_WHERE_OFFENDER_BORN_TALLAHASSE,5.574576694167799e-07
CITY_WHERE_OFFENDER_BORN_FORT PIERCE,5.512583696489883e-07
CITY_WHERE_OFFENDER_BORN_PERRY,5.276260594920051e-07
CITY_WHERE_OFFENDER_BORN_LAURENBURG,5.253382379655742e-07
CITY_WHERE_OFFENDER_BORN_LAKE CITY,5.149722321824959e-07
CITY_WHERE_OFFENDER_BORN_GARY,5.133367620247129e-07
PRIMARY_OFFENSE_CODE_STALKING,4.953284837962747e-07
CITY_WHERE_OFFENDER_BORN_HARRISBURG,4.909339728055527e-07
PRIMARY_OFFENSE_CODE_FALSE BOMB REPORT PUBLIC BLDG,4.828703376511541e-07
COUNTRY_WHERE_OFFENDER_BORN_CANADA,4.7047644391562274e-07
CITY_WHERE_OFFENDER_BORN_MICHOACAN,4.678201293120195e-07
CITY_WHERE_OFFENDER_BORN_BAYAMON,4.634973989747782e-07
CITY_WHERE_OFFENDER_BORN_BAMAKO,4.4373377858673645e-07
CITY_WHERE_OFFENDER_BORN_OAXACA,4.280767380932893e-07
CITY_WHERE_OFFENDER_BORN_ROSE HILL,4.22492886833809e-07
CITY_WHERE_OFFENDER_BORN_FAYETEVILLE,4.208555362392255e-07
CITY_WHERE_OFFENDER_BORN_SOUTH BEND,4.197983108852612e-07
PRIMARY_OFFENSE_CODE_FALSE RPT TO POLICE RADIO,4.0669354730940954e-07
CITY_WHERE_OFFENDER_BORN_GASTON,3.616058885229783e-07
STATE_WHERE_OFFENDER_BORN_NEW HAMPSHIRE,3.557487437480748e-07
CITY_WHERE_OFFENDER_BORN_SPRINGFIELD,3.438381643583683e-07
CITY_WHERE_OFFENDER_BORN_CARY,3.365300964637807e-07
CITY_WHERE_OFFENDER_BORN_WILLIAMSBURG,2.875240410460747e-07
CITY_WHERE_OFFENDER_BORN_KINGSTREE,2.614115081733431e-07
CITY_WHERE_OFFENDER_BORN_ACAPULCO,2.532712955432104e-07
CITY_WHERE_OFFENDER_BORN_GUANAJUATO,2.417673890612473e-07
CITY_WHERE_OFFENDER_BORN_FRANKFURT,2.138251427413996e-07
CITY_WHERE_OFFENDER_BORN_OCEANSIDE,2.132175780159347e-07
CITY_WHERE_OFFENDER_BORN_GUERRO,2.108315377019947e-07
CITY_WHERE_OFFENDER_BORN_HILDALGO,1.883533037021793e-07
CITY_WHERE_OFFENDER_BORN_ELON,1.8551999791632366e-07
COUNTRY_WHERE_OFFENDER_BORN_JAPAN,1.8488907441114594e-07
CITY_WHERE_OFFENDER_BORN_LANSING,1.7833223243735867e-07
CITY_WHERE_OFFENDER_BORN_DURANGO,1.657613690173109e-07
CITY_WHERE_OFFENDER_BORN_BURLINTON,1.6505321755335358e-07
CITY_WHERE_OFFENDER_BORN_PROVIDENCE,1.638642487743279e-07
PRIMARY_OFFENSE_CODE_POSSESS WITS SCHEDULE III,1.6099201735058974e-07
PRIMARY_OFFENSE_CODE_WEAP/NARC/ALCHL TO INMATE,1.3262617971009668e-07
COUNTRY_WHERE_OFFENDER_BORN_SUDAN,1.3198180133368923e-07
PRIMARY_OFFENSE_CODE_SELL MALT BEV TO < 21 BY UN-AG,1.2151532366594664e-07
CITY_WHERE_OFFENDER_BORN_PASADENA,1.1179903861677584e-07
PRIMARY_OFFENSE_CODE_PERMIT MINOR TO DRIVE,1.0853639511435107e-07
CITY_WHERE_OFFENDER_BORN_RUTHERFORD,8.67194443208994e-08
CITY_WHERE_OFFENDER_BORN_LONG BRANCH,8.16518796751096e-08
PRIMARY_OFFENSE_CODE_DEL/SELL SCHEDULE IV,7.924975187279558e-08
CITY_WHERE_OFFENDER_BORN_FRANKFORT,7.674459968035589e-08
CITY_WHERE_OFFENDER_BORN_GUATEMALA,7.254931120705133e-08
CITY_WHERE_OFFENDER_BORN_NEW ROCHELLE,6.854573714375503e-08
CITY_WHERE_OFFENDER_BORN_WELDON,6.394329599381642e-08
PRIMARY_OFFENSE_CODE_HIT/RUN INJURY,6.320426555423671e-08
CITY_WHERE_OFFENDER_BORN_QUERETARO,5.6419368317925434e-08
COUNTRY_WHERE_OFFENDER_BORN_LAOS,5.428326244576775e-08
CITY_WHERE_OFFENDER_BORN_VINELAND,5.3515289405228274e-08
CITY_WHERE_OFFENDER_BORN_SARASOTA,5.192999973821704e-08
PRIMARY_OFFENSE_CODE_SEX EXPLOIT MINOR 3RD DEGREE,5.016290612649655e-08
PRIMARY_OFFENSE_CODE_INCITING TO RIOT,4.6549030426150917e-08
CITY_WHERE_OFFENDER_BORN_MORELOS,4.345872189479977e-08
CITY_WHERE_OFFENDER_BORN_ARLINGTON,4.1275263330537725e-08
PRIMARY_OFFENSE_CODE_DISSEM/EXHIB HARM MATER MINOR,3.8322983510050825e-08
"COUNTRY_WHERE_OFFENDER_BORN_KOREA, SOUTH(FOR NONIMMIGRANT)",3.380050947798715e-08
NC_COUNTY_WHERE_OFFENDER_BORN_NORTHAMPTON,3.216867097758982e-08
COUNTRY_WHERE_OFFENDER_BORN_PHILIPPINES,2.9968667081661035e-08
CITY_WHERE_OFFENDER_BORN_HIDALGO,2.738145522235089e-08
COUNTRY_WHERE_OFFENDER_BORN_UNITED KINGDOM,2.7256144935790154e-08
CITY_WHERE_OFFENDER_BORN_BRIDGETON,2.431238002598327e-08
CITY_WHERE_OFFENDER_BORN_HONDRUS,1.8022243250374964e-08
CITY_WHERE_OFFENDER_BORN_LANCASTER,1.800581895717257e-08
CITY_WHERE_OFFENDER_BORN_FAIRVIEW,1.7945481637715317e-08
CITY_WHERE_OFFENDER_BORN_CHOLUTECA,1.6023941904437815e-08
CITY_WHERE_OFFENDER_BORN_FORT WALTON,1.3927791084245963e-08
CITY_WHERE_OFFENDER_BORN_SAN LUIS,1.3794076345867154e-08
COUNTY_OF_CONVICTION_CODE_TYRRELL,1.1479227654359265e-08
CITY_WHERE_OFFENDER_BORN_CONWAY,1.1285396920357319e-08
CITY_WHERE_OFFENDER_BORN_PLANT CITY,1.063236046266344e-08
OFFENDER_EYE_COLOR_CODE_AMBER,9.252067379643602e-09
COUNTRY_WHERE_OFFENDER_BORN_HAITI,8.874067520239328e-09
OFFENDER_EYE_COLOR_CODE_OTHER,8.671097783909168e-09
CITY_WHERE_OFFENDER_BORN_SAN SALVADOR,8.278434061856057e-09
PRIMARY_OFFENSE_CODE_BURNING PUBLIC BUILDING,7.774062817135737e-09
CITY_WHERE_OFFENDER_BORN_GERMANY,7.2574770845727035e-09
CITY_WHERE_OFFENDER_BORN_LIBERIA,6.191251706038969e-09
CITY_WHERE_OFFENDER_BORN_PAGELAND,5.058876244795411e-09
COUNTY_OF_CONVICTION_CODE_CLAY,3.552920757478735e-09
CITY_WHERE_OFFENDER_BORN_MICHOCAN,3.2922691576416434e-09
CITY_WHERE_OFFENDER_BORN_BROWNSVILLE,2.7836139576229616e-09
"PRIMARY_OFFENSE_CODE_BURN CHURCH, RELIGIOUS BLDG",2.3814782592185795e-09
PRIMARY_OFFENSE_CODE_ASSAULT SECRET MANNER,2.294095913630696e-09
CITY_WHERE_OFFENDER_BORN_GUANAGUATO,1.360841433793097e-09
CITY_WHERE_OFFENDER_BORN_SINALOA,1.347535590115286e-09
CITY_WHERE_OFFENDER_BORN_FT BRAGG,1.2015302289975707e-09
CITY_WHERE_OFFENDER_BORN_MICHUACAN,5.538805260290549e-10
CITY_WHERE_OFFENDER_BORN_SANTA ANA,1.2052266003223194e-10
PRIMARY_OFFENSE_CODE_FEL RESTRAINT OF A MINOR,1.1451715658704274e-10
CITY_WHERE_OFFENDER_BORN_CAIRO,9.529660629654026e-11
CITY_WHERE_OFFENDER_BORN_QUANTICO,0.0
PRIMARY_OFFENSE_CODE_COMMERCIAL FISH W/O LICENSE,0.0
CITY_WHERE_OFFENDER_BORN_ROME,0.0
PRIMARY_OFFENSE_CODE_LARCENY OF GINSENG,0.0
PRIMARY_OFFENSE_CODE_POSSESSION HYPODERMIC,0.0
PRIMARY_OFFENSE_CODE_POSS/CONSUME FORT WINE/LIQUOR,0.0
PRIMARY_OFFENSE_CODE_GANG/DISCHARGE FIREARM ENCLOS,0.0
CITY_WHERE_OFFENDER_BORN_MOUNTAIN VIEW,0.0
PRIMARY_OFFENSE_CODE_OBTAIN MONEY FALSE REP PHY DEF,0.0
PRIMARY_OFFENSE_CODE_INST/PROMOT CRUELTY TO AMINALS,0.0
CITY_WHERE_OFFENDER_BORN_BAYSHORE,0.0
COUNTRY_WHERE_OFFENDER_BORN_MALI,0.0
PRIMARY_OFFENSE_CODE_RECEIVING VIA FRAUD,0.0
CITY_WHERE_OFFENDER_BORN_CHEVERLY,0.0
SENTENCING_PENALTY_CLASS_CODE_UNKNOWN - CONVERSION ONLY,0.0
PRIMARY_OFFENSE_CODE_MULTIPLE PRIOR LARCENIES,0.0
CITY_WHERE_OFFENDER_BORN_RADFORD,0.0
PRIMARY_OFFENSE_CODE_SIMPLE ASSAULT HANDICAPPED,0.0
PRIMARY_OFFENSE_CODE_2ND DEGREE FORCIBLE RAPE,0.0
CITY_WHERE_OFFENDER_BORN_FORT WACHUKA,0.0
PRIMARY_OFFENSE_CODE_OBTAIN ACAD CREDIT BY FRAUD,0.0
CITY_WHERE_OFFENDER_BORN_WICHITA,0.0
PRIMARY_OFFENSE_CODE_TRESPASS - PUBLIC LAND,0.0
CITY_WHERE_OFFENDER_BORN_SAN MIGUEL,0.0
CITY_WHERE_OFFENDER_BORN_IRVINGTON,0.0
PRIMARY_OFFENSE_CODE_SEX EXPLOIT MINOR 1ST DEGREE,0.0
PUNISHMENT_TYPE_CODE_COMMUNITY SS (DCC),0.0
PRIMARY_OFFENSE_CODE_COM L FELONY AID AND ABET,0.0
CITY_WHERE_OFFENDER_BORN_GRAND RIDGE,0.0
CITY_WHERE_OFFENDER_BORN_HAYWOOD,0.0
CITY_WHERE_OFFENDER_BORN_SOUTHPORT,0.0
CITY_WHERE_OFFENDER_BORN_UTICA,0.0
CITY_WHERE_OFFENDER_BORN_SHREVEPORT,0.0
PRIMARY_OFFENSE_CODE_PURCHASE LIQUOR,0.0
CITY_WHERE_OFFENDER_BORN_SCOTLAND,0.0
CITY_WHERE_OFFENDER_BORN_NEW BRUNSWICK,0.0
PRIMARY_OFFENSE_CODE_S/D CONT SUB PUBLIC PARK 21>,0.0
CITY_WHERE_OFFENDER_BORN_CAMP LEJEUNE,0.0
PRIMARY_OFFENSE_CODE_SELL SEAFOOD W/O LICENSE,0.0
PRIMARY_OFFENSE_CODE_ASSAULT ON HANDICAPPED,0.0
PRIMARY_OFFENSE_CODE_MISC MOTOR VEHICLE VIOLATION,0.0
CITY_WHERE_OFFENDER_BORN_PERTHAMBOY,0.0
PRIMARY_OFFENSE_CODE_PROFANE LANGUAGE,0.0
CITY_WHERE_OFFENDER_BORN_STOCKTON,0.0
PRIMARY_OFFENSE_CODE_TRAFFICKING CONTROLLED SUBSTAN,0.0
PRIMARY_OFFENSE_CODE_BRIBERY,0.0
CITY_WHERE_OFFENDER_BORN_HERTFORD,0.0
CITY_WHERE_OFFENDER_BORN_ORVILLE,0.0
SENTENCING_PENALTY_CLASS_CODE_PARTIAL REV CONFINE,0.0
CITY_WHERE_OFFENDER_BORN_AYDEN,0.0
PRIMARY_OFFENSE_CODE_AVOID PAYMENT FOR TELECOMMUNIC,0.0
PRIMARY_OFFENSE_CODE_D/WEAPON ON STATE PROPERTY,0.0
COUNTRY_WHERE_OFFENDER_BORN_ECUADOR,0.0
NC_COUNTY_WHERE_OFFENDER_BORN_DARE,0.0
SENTENCING_PENALTY_CLASS_CODE_CRV,0.0
CITY_WHERE_OFFENDER_BORN_HIGHLANDS,0.0
"PRIMARY_OFFENSE_CODE_SNIFFING GLUE, ETC.",0.0
CITY_WHERE_OFFENDER_BORN_BILOXI,0.0
PRIMARY_OFFENSE_CODE_PUBLIC ASSISTANCE FRAUD > $400,0.0
CITY_WHERE_OFFENDER_BORN_MURRAY,0.0
CITY_WHERE_OFFENDER_BORN_HIGH PONT,0.0
CITY_WHERE_OFFENDER_BORN_PHILLIPSBURG,0.0
CITY_WHERE_OFFENDER_BORN_HAMMOND,0.0
CITY_WHERE_OFFENDER_BORN_LINCOLTON,0.0
PRIMARY_OFFENSE_CODE_POSSESS SCHEDULE V,0.0
PRIMARY_OFFENSE_CODE_POSSESS FIREARM/INSANITY PLEA,0.0
PRIMARY_OFFENSE_CODE_DRIV WHILE DISQUALIFIED,0.0
CITY_WHERE_OFFENDER_BORN_BURBANK,0.0
CITY_WHERE_OFFENDER_BORN_AUSTIN,0.0
PRIMARY_OFFENSE_CODE_COM LAW 2ND DEG ARSON,0.0
CITY_WHERE_OFFENDER_BORN_BENNETSVILLE,0.0
PRIMARY_OFFENSE_CODE_TRAFFICK COCAINE 14-27 GRAMS,0.0
CITY_WHERE_OFFENDER_BORN_LARGO,0.0
PRIMARY_OFFENSE_CODE_FAIL APPLY TITLE VEHICLE,0.0
CITY_WHERE_OFFENDER_BORN_DERBY,0.0
PRIMARY_OFFENSE_CODE_OBTAIN SIGNATURE FALSE PRETENS,0.0
PRIMARY_OFFENSE_CODE_VIOLATION OF REGULATED METALS,0.0
PRIMARY_OFFENSE_CODE_FRAUD,0.0
CITY_WHERE_OFFENDER_BORN_WARSAW,0.0
PRIMARY_OFFENSE_CODE_PUBLIC DRUNK,0.0
CITY_WHERE_OFFENDER_BORN_GARDEN CITY,0.0
PRIMARY_OFFENSE_CODE_PARTICPAT IN PROSTIT OF MINOR,0.0
CITY_WHERE_OFFENDER_BORN_ARCADIA,0.0
PRIMARY_OFFENSE_CODE_AID/ASST FRAUD TAX RETURN,0.0
PRIMARY_OFFENSE_CODE_OPERATING VEHICLE ON HIGHWAY,0.0
CITY_WHERE_OFFENDER_BORN_HOBOKEN,0.0
CITY_WHERE_OFFENDER_BORN_DURHAN,0.0
PRIMARY_OFFENSE_CODE_REGULATION OF BEGGING,0.0
PRIMARY_OFFENSE_CODE_SPEED ELUDE ARRST MV/DEATH/2AF,0.0
CITY_WHERE_OFFENDER_BORN_WHITEPLAINS,0.0
CITY_WHERE_OFFENDER_BORN_HOLLYWOOD,0.0
PRIMARY_OFFENSE_CODE_UNLAWFUL CHANGE OF MILEAGE,0.0
PRIMARY_OFFENSE_CODE_STAT RAPE OF CHILD BY ADULT,0.0
PRIMARY_OFFENSE_CODE_RIOT & CIVIL DISORDERS,0.0
PRIMARY_OFFENSE_CODE_TRAFFICKING SCHEDULE III,0.0
NC_COUNTY_WHERE_OFFENDER_BORN_MADISON,0.0
CITY_WHERE_OFFENDER_BORN_PLAINVILLE,0.0
CITY_WHERE_OFFENDER_BORN_COCOA BEACH,0.0
CITY_WHERE_OFFENDER_BORN_SAN ANNA,0.0
CITY_WHERE_OFFENDER_BORN_NEW PORT NEWS,0.0
PRIMARY_OFFENSE_CODE_ABANDONMENT OF CHILD 6 MONTHS,0.0
PRIMARY_OFFENSE_CODE_DEFAC/REMOVE LANDMARKS,0.0
PRIMARY_OFFENSE_CODE_FAIL ENROLL SAT-BASED MONITOR,0.0
CITY_WHERE_OFFENDER_BORN_BARTOW,0.0
CITY_WHERE_OFFENDER_BORN_RALIEGH,0.0
CITY_WHERE_OFFENDER_BORN_NICHOLS,0.0
CITY_WHERE_OFFENDER_BORN_FORT WORTH,0.0
PRIMARY_OFFENSE_CODE_FAIL TO DISPERSE,0.0
CITY_WHERE_OFFENDER_BORN_CHEROKEE,0.0
CITY_WHERE_OFFENDER_BORN_PENNSYLVANIA,0.0
CITY_WHERE_OFFENDER_BORN_PIKEVILLE,0.0
CITY_WHERE_OFFENDER_BORN_HIGHPOINT,0.0
COUNTRY_WHERE_OFFENDER_BORN_GUYANA,0.0
CITY_WHERE_OFFENDER_BORN_ROANOAKE,0.0
CITY_WHERE_OFFENDER_BORN_SPRING HOPE,0.0
PRIMARY_OFFENSE_CODE_FRAUD BURNING DWELLING,0.0
PRIMARY_OFFENSE_CODE_INCITING TO RIOT DAM > $1500,0.0
CITY_WHERE_OFFENDER_BORN_NEWLAND,0.0
PRIMARY_OFFENSE_CODE_TRAFFICK OPIUM/HEROIN 4-13 GRA,0.0
CITY_WHERE_OFFENDER_BORN_BUFFALOE,0.0
PRIMARY_OFFENSE_CODE_ASSAULT ON SCHOOL OFFICIAL,0.0
CITY_WHERE_OFFENDER_BORN_NAYARIT,0.0
CITY_WHERE_OFFENDER_BORN_CLAYTON,0.0
STATE_WHERE_OFFENDER_BORN_NEBRASKA,0.0
PRIMARY_OFFENSE_CODE_LARCENY OF SECRET TECH PROCESS,0.0
CITY_WHERE_OFFENDER_BORN_TUSCON,0.0
PRIMARY_OFFENSE_CODE_LARCENY OF HORSES/MULES/SWINE,0.0
PRIMARY_OFFENSE_CODE_DISSEM MINOR LS 16,0.0
PRIMARY_OFFENSE_CODE_POSS FIREARM/REMOVAL SERIAL NB,0.0
CITY_WHERE_OFFENDER_BORN_NWILKESBORO,0.0
CITY_WHERE_OFFENDER_BORN_ST PAULS,0.0
CITY_WHERE_OFFENDER_BORN_NEW CASTLE,0.0
CITY_WHERE_OFFENDER_BORN_ZACATECAZ,0.0
PRIMARY_OFFENSE_CODE_DRIVING UNDER INFLUENCE (DUI),0.0
CITY_WHERE_OFFENDER_BORN_NEW PORT,0.0
CITY_WHERE_OFFENDER_BORN_PUEBLO,0.0
PRIMARY_OFFENSE_CODE_INJURE FIXTURE ELECT CO,0.0
PRIMARY_OFFENSE_CODE_POSS/CARRY BB GUN/RIFLE ED PRO,0.0
"PRIMARY_OFFENSE_CODE_BURN BRIDGE,FIREHOUSE,BUSINESS",0.0
CITY_WHERE_OFFENDER_BORN_EAST LIVERPOOL,0.0
PRIMARY_OFFENSE_CODE_INHALE FUMES FOR INTOXIC,0.0
PRIMARY_OFFENSE_CODE_WORTHLESS CHECKS NOT OVER $100,0.0
CITY_WHERE_OFFENDER_BORN_FREDERICK,0.0
NC_COUNTY_WHERE_OFFENDER_BORN_TYRRELL,0.0
CITY_WHERE_OFFENDER_BORN_AMERICUS,0.0
CITY_WHERE_OFFENDER_BORN_PULASKI,0.0
PRIMARY_OFFENSE_CODE_BATTERY ON AN UNBORN CHILD,0.0
NC_COUNTY_WHERE_OFFENDER_BORN_DAVIE,0.0
CITY_WHERE_OFFENDER_BORN_SACREMENTO,0.0
CITY_WHERE_OFFENDER_BORN_NEW JERSEY,0.0
PRIMARY_OFFENSE_CODE_MALFEASANCE OF CORP OF AND AGT,0.0
PRIMARY_OFFENSE_CODE_BREAKING OUT OF HOUSE,0.0
CITY_WHERE_OFFENDER_BORN_W PALM BEACH,0.0
CITY_WHERE_OFFENDER_BORN_PATERSON,0.0
CITY_WHERE_OFFENDER_BORN_LEESBURG,0.0
PRIMARY_OFFENSE_CODE_INJURY/DAMAGE W/EXPLOSIVE,0.0
PRIMARY_OFFENSE_CODE_FORGERY - PETITIONS,0.0
PRIMARY_OFFENSE_CODE_SEX OFF W/CHILD BY ADULT,0.0
CITY_WHERE_OFFENDER_BORN_RICH SQUARE,0.0
CITY_WHERE_OFFENDER_BORN_OMAHA,0.0
CITY_WHERE_OFFENDER_BORN_WOODLAND,0.0
PRIMARY_OFFENSE_CODE_ACCESS GOVERNMENT COMPUTER,0.0
CITY_WHERE_OFFENDER_BORN_BETHESDA,0.0
PRIMARY_OFFENSE_CODE_LYING ON HIGHWAY,0.0
CITY_WHERE_OFFENDER_BORN_FAIRFAX,0.0
CITY_WHERE_OFFENDER_BORN_MILLINGTON,0.0
CITY_WHERE_OFFENDER_BORN_MORGANTOWN,0.0
CITY_WHERE_OFFENDER_BORN_WINTER PARK,0.0
CITY_WHERE_OFFENDER_BORN_COVINGTON,0.0
CITY_WHERE_OFFENDER_BORN_ERIE,0.0
CITY_WHERE_OFFENDER_BORN_HOT SPRINGS,0.0
CITY_WHERE_OFFENDER_BORN_HALIFAX,0.0
PRIMARY_OFFENSE_CODE_BURNING EDUCATION/SCH BLD,0.0
PRIMARY_OFFENSE_CODE_TRASH ON PUBLIC ROADS/LITTER,0.0
CITY_WHERE_OFFENDER_BORN_QUEEN,0.0
PRIMARY_OFFENSE_CODE_ASSAULT ATISI,0.0
PRIMARY_OFFENSE_CODE_BIGAMY,0.0
PRIMARY_OFFENSE_CODE_DWI DRIVING WHILE IMPAIRED,0.0
CITY_WHERE_OFFENDER_BORN_ROCKVILLE,0.0
CITY_WHERE_OFFENDER_BORN_FT HOOD,0.0
PRIMARY_OFFENSE_CODE_FELONY,0.0
CITY_WHERE_OFFENDER_BORN_KEANSVILLE,0.0
CITY_WHERE_OFFENDER_BORN_CAMP LEJUNE,0.0
NC_COUNTY_WHERE_OFFENDER_BORN_WARREN,0.0
"PRIMARY_OFFENSE_CODE_BUY,SELL,POSSESS FALSE STAMPS",0.0
PRIMARY_OFFENSE_CODE_BURN BUILDING UNDER CONSTRUCTO,0.0
PRIMARY_OFFENSE_CODE_ORGANIZED RETAIL THEFT,0.0
CITY_WHERE_OFFENDER_BORN_WARWICK,0.0
CITY_WHERE_OFFENDER_BORN_JENNERSVILLE,0.0
CITY_WHERE_OFFENDER_BORN_FORT BENNING,0.0
CITY_WHERE_OFFENDER_BORN_CHEYENNE,0.0
PRIMARY_OFFENSE_CODE_TRAFFICK METHAQUALON 5000-9999,0.0
CITY_WHERE_OFFENDER_BORN_HUNNINGTON,0.0
CITY_WHERE_OFFENDER_BORN_WHITTAKERS,0.0
PRIMARY_OFFENSE_CODE_NOT APPLICABLE (DETAIN/NOTIFY),0.0
CITY_WHERE_OFFENDER_BORN_FORT MYERS,0.0
CITY_WHERE_OFFENDER_BORN_WHITAKERS,0.0
CITY_WHERE_OFFENDER_BORN_ALBION,0.0
COURT_TYPE_CODE_CO RECORDR,0.0
"PRIMARY_OFFENSE_CODE_SELL,BUY,POSS PROP W/ID ALTER",0.0
CITY_WHERE_OFFENDER_BORN_FAYETTVILLE,0.0
CITY_WHERE_OFFENDER_BORN_SANTA CRUZ,0.0
PRIMARY_OFFENSE_CODE_AID MINOR WEAPON ED PROPERT,0.0
PRIMARY_OFFENSE_CODE_DAMAGE W/EXPLOSIVES,0.0
CITY_WHERE_OFFENDER_BORN_OPELIKA,0.0
CITY_WHERE_OFFENDER_BORN_SANDWICH,0.0
PRIMARY_OFFENSE_CODE_DOG FIGHTING/BAITING,0.0
PRIMARY_OFFENSE_CODE_DRIV LICENSE PERM RVK,0.0
CITY_WHERE_OFFENDER_BORN_PHOENIX,0.0
PRIMARY_OFFENSE_CODE_CONTRABAND TO PRISONERS,0.0
CITY_WHERE_OFFENDER_BORN_FULLERTON,0.0
CITY_WHERE_OFFENDER_BORN_SHARPSBURG,0.0
CITY_WHERE_OFFENDER_BORN_WATERTOWN,0.0
CITY_WHERE_OFFENDER_BORN_FORT CAMPBELL,0.0
PRIMARY_OFFENSE_CODE_TRESPASS - FIRE,0.0
PRIMARY_OFFENSE_CODE_SCHOOL ATTEND/LAW VIOL,0.0
CITY_WHERE_OFFENDER_BORN_ROCKLEDGE,0.0
PRIMARY_OFFENSE_CODE_ESCAPE JAIL BY FELON,0.0
CITY_WHERE_OFFENDER_BORN_CLOUMBUS,0.0
PRIMARY_OFFENSE_CODE_SPECIFIC VIOLATIONS WILDLIFE,0.0
CITY_WHERE_OFFENDER_BORN_KNIGHTDALE,0.0
PRIMARY_OFFENSE_CODE_PWISD COUNTERFEIT SCH II,0.0
PRIMARY_OFFENSE_CODE_POSSESS WITS SCHEDULE V,0.0
PRIMARY_OFFENSE_CODE_HOAX FALSE BOMB OR DEVICE,0.0
PRIMARY_OFFENSE_CODE_FAIL STOP INTER W/FLASH LIGHT,0.0
PRIMARY_OFFENSE_CODE_OUT-OF-STATE CRIME,0.0
PRIMARY_OFFENSE_CODE_SUBVERSION,0.0
PRIMARY_OFFENSE_CODE_SEXUAL BATTERY,0.0
PRIMARY_OFFENSE_CODE_B&E W/INTENT/TERRORIZE/INJURE,0.0
PRIMARY_OFFENSE_CODE_FAIL TO PAY TAXI DRIVER,0.0
CITY_WHERE_OFFENDER_BORN_CLAREMONT,0.0
COUNTY_OF_CONVICTION_CODE_GRAHAM,0.0
CITY_WHERE_OFFENDER_BORN_PENSACOLA,0.0
CITY_WHERE_OFFENDER_BORN_NEPTUNE,0.0
CITY_WHERE_OFFENDER_BORN_ELIZABETH TOWN,0.0
CITY_WHERE_OFFENDER_BORN_FORT SMITH,0.0
CITY_WHERE_OFFENDER_BORN_PINETOPS,0.0
CITY_WHERE_OFFENDER_BORN_LAGRANGE,0.0
CITY_WHERE_OFFENDER_BORN_KNOXVILLE,0.0
CITY_WHERE_OFFENDER_BORN_SOMERSET,0.0
PRIMARY_OFFENSE_CODE_REGULATION LIQUORS,0.0
PRIMARY_OFFENSE_CODE_VIOLENT HABITUAL FELON,0.0
CITY_WHERE_OFFENDER_BORN_FORT HUACHUCA,0.0
PRIMARY_OFFENSE_CODE_NON-SUPPORT,0.0
PRIMARY_OFFENSE_CODE_THREATENING AN OFFICER,0.0
PRIMARY_OFFENSE_CODE_CRIMINAL STREET GANG ACTIVITY,0.0
CITY_WHERE_OFFENDER_BORN_JALISCO,0.0
CITY_WHERE_OFFENDER_BORN_FT BENNING,0.0
PRIMARY_OFFENSE_CODE_DIST SECRET PHOTO IMAGE SEXOF,0.0
CITY_WHERE_OFFENDER_BORN_MAYSVILLE,0.0
STATE_WHERE_OFFENDER_BORN_SOUTH DAKOTA,0.0
CITY_WHERE_OFFENDER_BORN_HACKENSACK,0.0
CITY_WHERE_OFFENDER_BORN_MT  AIRY,0.0
PRIMARY_OFFENSE_CODE_VIOLATION SOCIAL SERVICES LAWS,0.0
CITY_WHERE_OFFENDER_BORN_NORTH WILKSBORO,0.0
CITY_WHERE_OFFENDER_BORN_REDLANDS,0.0
STATE_WHERE_OFFENDER_BORN_IDAHO,0.0
PRIMARY_OFFENSE_CODE_PROF/INDECENT LANG PU HIGHWAY,0.0
PUNISHMENT_TYPE_CODE_NON-N.C. OFF.,0.0
CITY_WHERE_OFFENDER_BORN_HARLAN,0.0
PRIMARY_OFFENSE_CODE_VIOLATION OF SEAT BELT LAW,0.0
PRIMARY_OFFENSE_CODE_ACCESS DANGEROUS WEAPON,0.0
PRIMARY_OFFENSE_CODE_DEL/SELL SCHEDULE V,0.0
CITY_WHERE_OFFENDER_BORN_SCOTLAND NECK,0.0
CITY_WHERE_OFFENDER_BORN_CLIO,0.0
CITY_WHERE_OFFENDER_BORN_WARREN,0.0
CITY_WHERE_OFFENDER_BORN_NEWBERRY,0.0
CITY_WHERE_OFFENDER_BORN_NORWAY,0.0
CITY_WHERE_OFFENDER_BORN_SANTA ANNA,0.0
CITY_WHERE_OFFENDER_BORN_DILLION,0.0
PRIMARY_OFFENSE_CODE_PROMOTING PROSTITUTION,0.0
CITY_WHERE_OFFENDER_BORN_FAIRMONT,0.0
CITY_WHERE_OFFENDER_BORN_BENNETTESVILLE,0.0
NC_COUNTY_WHERE_OFFENDER_BORN_ALLEGHANY,0.0
PRIMARY_OFFENSE_CODE_COM LAW ARM TERROR PEOPLE,0.0
PRIMARY_OFFENSE_CODE_EXHIBIT W/INT INTIMIDATE,0.0
COMPONENT_DISPOSITION_CODE_NON-JUDGMENT,0.0
PRIMARY_OFFENSE_CODE_MAKE FALSE BOMB RPT TO HSPITAL,0.0
PRIMARY_OFFENSE_CODE_AGG FEL SERIOUS INJ VEHICLE,0.0
PRIMARY_OFFENSE_CODE_MANUFACTURE METHAMPHETAMINE,0.0
CITY_WHERE_OFFENDER_BORN_NORTHWILKESBORO,0.0
CITY_WHERE_OFFENDER_BORN_RICHLANDS,0.0
CITY_WHERE_OFFENDER_BORN_VALDOSTA,0.0
PRIMARY_OFFENSE_CODE_1ST DEGREE FORCIBLE RAPE,0.0
PRIMARY_OFFENSE_CODE_B & E & R,0.0
PRIMARY_OFFENSE_CODE_ASSAULT ISI EXEC/LEGIS OFFICER,0.0
CITY_WHERE_OFFENDER_BORN_HINESVILLE,0.0
CITY_WHERE_OFFENDER_BORN_SMITHTOWN,0.0
CITY_WHERE_OFFENDER_BORN_RIDGEWOOD,0.0
PRIMARY_OFFENSE_CODE_PU DRUNK FIGHTING/GRABBING,0.0
CITY_WHERE_OFFENDER_BORN_SHANNON,0.0
PRIMARY_OFFENSE_CODE_COM L CRIM.AGNST NATURE,0.0
CITY_WHERE_OFFENDER_BORN_SILVA,0.0
CITY_WHERE_OFFENDER_BORN_PHILADEPHIA,0.0
PRIMARY_OFFENSE_CODE_SELL MALT BEV TO < 21 YRS OLD,0.0
CITY_WHERE_OFFENDER_BORN_PINNACLE,0.0
CITY_WHERE_OFFENDER_BORN_HARLINGEN,0.0
PRIMARY_OFFENSE_CODE_FAIL TO FILE SALES/USE TAXES,0.0
OFFENDER_SKIN_COMPLEXION_CODE_ALBINO,0.0
CITY_WHERE_OFFENDER_BORN_FRANKLINTON,0.0
CITY_WHERE_OFFENDER_BORN_LITTLEROCK,0.0
CITY_WHERE_OFFENDER_BORN_PALO ALTO,0.0
PRIMARY_OFFENSE_CODE_NONCOMPLIANCE WITH WRIT OF HAB,0.0
PRIMARY_OFFENSE_CODE_ARSON & BURNINGS,0.0
PRIMARY_OFFENSE_CODE_RECEIVING/POSSESSING EXPLOSIVE,0.0
CITY_WHERE_OFFENDER_BORN_LAKE WHEELS,0.0
OFFENDER_ETHNIC_CODE_NORDIC/SCANDANAVIAN,0.0
CITY_WHERE_OFFENDER_BORN_ST THOMAS,0.0
PRIMARY_OFFENSE_CODE_INJ PROP/OBTN NOFERROUS METAL,0.0
CITY_WHERE_OFFENDER_BORN_GERRERO,0.0
PRIMARY_OFFENSE_CODE_BURGLARY,0.0
PRIMARY_OFFENSE_CODE_WORTHLESS CHECKS NONEXIST ACCT,0.0
PRIMARY_OFFENSE_CODE_THREATENING LETTER,0.0
PRIMARY_OFFENSE_CODE_CONTEMPT OF COURT-GENERAL,0.0
CITY_WHERE_OFFENDER_BORN_WATERBERRY,0.0
CITY_WHERE_OFFENDER_BORN_HAMILTON,0.0
CITY_WHERE_OFFENDER_BORN_MONTGOMERY,0.0
PRIMARY_OFFENSE_CODE_POSSESS LIQUOR,0.0
CITY_WHERE_OFFENDER_BORN_AMITYVILLE,0.0
CITY_WHERE_OFFENDER_BORN_ROCKFORD,0.0
CITY_WHERE_OFFENDER_BORN_HILLSBOROUGH,0.0
PRIMARY_OFFENSE_CODE_EMBEZZLEMENT - COMMERCIAL,0.0
CITY_WHERE_OFFENDER_BORN_HOUMA,0.0
PRIMARY_OFFENSE_CODE_SPEEDING FROM POLICE,0.0
CITY_WHERE_OFFENDER_BORN_USULUTAN,0.0
CITY_WHERE_OFFENDER_BORN_LOGAN,0.0
CITY_WHERE_OFFENDER_BORN_DECATEUR,0.0
CITY_WHERE_OFFENDER_BORN_TACOMA PARK,0.0
CITY_WHERE_OFFENDER_BORN_ENFIELD,0.0
COMPONENT_DISPOSITION_CODE_PARTIAL REVOKE,0.0
CITY_WHERE_OFFENDER_BORN_HAGERSTOWN,0.0
CITY_WHERE_OFFENDER_BORN_FRAMINGHAM,0.0
PRIMARY_OFFENSE_CODE_LARCENY AND RECEIVING,0.0
PRIMARY_OFFENSE_CODE_TRESPASS - DWELLING,0.0
CITY_WHERE_OFFENDER_BORN_ELBERTON,0.0
CITY_WHERE_OFFENDER_BORN_STEWART,0.0
CITY_WHERE_OFFENDER_BORN_JOHNSON,0.0
CITY_WHERE_OFFENDER_BORN_SAN ANTONIO,0.0
CITY_WHERE_OFFENDER_BORN_CHERRY POINT,0.0
CITY_WHERE_OFFENDER_BORN_SUMMERVILLE,0.0
CITY_WHERE_OFFENDER_BORN_BRISTOL,0.0
CITY_WHERE_OFFENDER_BORN_FRANKKFURT,0.0
CITY_WHERE_OFFENDER_BORN_FAYETTEVILL,0.0
CITY_WHERE_OFFENDER_BORN_DETRIOT,0.0
PRIMARY_OFFENSE_CODE_PASSENGER FLEE ACCIDENT/INJURY,0.0
CITY_WHERE_OFFENDER_BORN_MANNASSAS,0.0
CITY_WHERE_OFFENDER_BORN_KEY WEST,0.0
PRIMARY_OFFENSE_CODE_CHOP SHOP ACTIVITY,0.0
CITY_WHERE_OFFENDER_BORN_DEKALB,0.0
PRIMARY_OFFENSE_CODE_INTERFER WITH CASKETS,0.0
NC_COUNTY_WHERE_OFFENDER_BORN_WASHINGTON,0.0
CITY_WHERE_OFFENDER_BORN_GAINSVILLE,0.0
STATE_WHERE_OFFENDER_BORN_NEW MEXICO,0.0
PRIMARY_OFFENSE_CODE_FAILURE TO RETURN PROCESS,0.0
CITY_WHERE_OFFENDER_BORN_WHITE PLAINS,0.0
PRIMARY_OFFENSE_CODE_TRAFFICKING IN LYSERGIC ACID,0.0
PRIMARY_OFFENSE_CODE_THREAT ISI EXEC/LEGIS OFFICER,0.0
CITY_WHERE_OFFENDER_BORN_KANSAS CITY,0.0
CITY_WHERE_OFFENDER_BORN_PADUCAH,0.0
PRIMARY_OFFENSE_CODE_POSSESSION FIREARM BY MINOR,0.0
PRIMARY_OFFENSE_CODE_ASLT PHYINJ LAW OFFCR/DENT EMP,0.0
CITY_WHERE_OFFENDER_BORN_NORTON,0.0
PRIMARY_OFFENSE_CODE_IMPERSONATE PEACE OFFICER,0.0
PRIMARY_OFFENSE_CODE_KIDNAPPING/ABDUCTION,0.0
CITY_WHERE_OFFENDER_BORN_WALNUT CREEK,0.0
PRIMARY_OFFENSE_CODE_HABITUAL BREAKING AND ENTERING,0.0
CITY_WHERE_OFFENDER_BORN_MAXTON,0.0
CITY_WHERE_OFFENDER_BORN_ROCKHILL,0.0
PRIMARY_OFFENSE_CODE_SELLING/GIV WEAPON TO MINOR,0.0
CITY_WHERE_OFFENDER_BORN_TUCSON,0.0
PRIMARY_OFFENSE_CODE_AWITK,0.0
PRIMARY_OFFENSE_CODE_CHEAT - MONEY,0.0
PRIMARY_OFFENSE_CODE_POSS/PURCH WINE BEV BY < 21 AG,0.0
CITY_WHERE_OFFENDER_BORN_FUQUAY,0.0
PRIMARY_OFFENSE_CODE_ABDUCTION OF CHILD(REGISTER),0.0
CITY_WHERE_OFFENDER_BORN_MOOREHEAD CITY,0.0
PRIMARY_OFFENSE_CODE_DRIVE COMMERC VEH W/O LICENSE,0.0
CITY_WHERE_OFFENDER_BORN_SAN FRANSICO,0.0
PRIMARY_OFFENSE_CODE_OBTAIN ID USING FALSE INFO,0.0
PRIMARY_OFFENSE_CODE_DRUG PARA - PURCH ADVERTISE,0.0
CITY_WHERE_OFFENDER_BORN_SUSQUEHANNA,0.0
CITY_WHERE_OFFENDER_BORN_GRANTHAM,0.0
CITY_WHERE_OFFENDER_BORN_N  WILKESBORO,0.0
CITY_WHERE_OFFENDER_BORN_WEST GERMANY,0.0
PRIMARY_OFFENSE_CODE_ASSAULT EMERGENCY PERSONNEL,0.0
CITY_WHERE_OFFENDER_BORN_MT. AIRY,0.0
CITY_WHERE_OFFENDER_BORN_CAMBRIDGE,0.0
CITY_WHERE_OFFENDER_BORN_VAHALLA,0.0
PRIMARY_OFFENSE_CODE_DISSEM MINOR LS 13,0.0
COUNTRY_WHERE_OFFENDER_BORN_ITALY,0.0
STATE_WHERE_OFFENDER_BORN_NORTH DAKOTA,0.0
CITY_WHERE_OFFENDER_BORN_ANNAPOLIS,0.0
CITY_WHERE_OFFENDER_BORN_HICKS,0.0
CITY_WHERE_OFFENDER_BORN_COCOA,0.0
CITY_WHERE_OFFENDER_BORN_LANDSTUHL,0.0
CITY_WHERE_OFFENDER_BORN_DISTRI COLUMBIA,0.0
CITY_WHERE_OFFENDER_BORN_MANN,0.0
PRIMARY_OFFENSE_CODE_GAMBLING,0.0
PRIMARY_OFFENSE_CODE_MISCONDUCT PUBLIC OFFICE,0.0
PRIMARY_OFFENSE_CODE_FAILURE TO MAKE REPORT,0.0
CITY_WHERE_OFFENDER_BORN_MANNING,0.0
CITY_WHERE_OFFENDER_BORN_SAN BERNADINO,0.0
CITY_WHERE_OFFENDER_BORN_SAN PABLO,0.0
PRIMARY_OFFENSE_CODE_DOMESTIC ABUSE DISABLED/ELDER,0.0
COURT_TYPE_CODE_ICC/OS/FED,0.0
PRIMARY_OFFENSE_CODE_POSSESSION FIREWORKS,0.0
PRIMARY_OFFENSE_CODE_CYBERSTALKING,0.0
CITY_WHERE_OFFENDER_BORN_PUEBLA,0.0
PRIMARY_OFFENSE_CODE_OBTAIN PROP-FALSE COINS/TOKENS,0.0
"PRIMARY_OFFENSE_CODE_TRESPASS FOR FISH,HUNT,TRAP",0.0
PRIMARY_OFFENSE_CODE_INSURANCE FRAUD,0.0
CITY_WHERE_OFFENDER_BORN_RUTHERFORTON,0.0
CITY_WHERE_OFFENDER_BORN_ENGLEWOOD,0.0
PRIMARY_OFFENSE_CODE_TRANSFER PRICE TAGS,0.0
COURT_TYPE_CODE_MAGISTRAT,0.0
CITY_WHERE_OFFENDER_BORN_ROCKY MT.,0.0
CITY_WHERE_OFFENDER_BORN_BRIDGETOWN,0.0
CITY_WHERE_OFFENDER_BORN_PANAMA CITY,0.0
CITY_WHERE_OFFENDER_BORN_ELYRIA,0.0
PRIMARY_OFFENSE_CODE_PEEPING TOM/SECRETLY PEEPING,0.0
PRIMARY_OFFENSE_CODE_ACCESS COMPUT W/OUT AUTH,0.0
CITY_WHERE_OFFENDER_BORN_SANTA ROSA,0.0
PRIMARY_OFFENSE_CODE_OBSCENE LITERATURE,0.0
CITY_WHERE_OFFENDER_BORN_GETTYSBURG,0.0
CITY_WHERE_OFFENDER_BORN_CINCINNATI,0.0
CITY_WHERE_OFFENDER_BORN_WILLIAMSPORT,0.0
PRIMARY_OFFENSE_CODE_LARCENY OF UNGATHERED CROPS,0.0
PRIMARY_OFFENSE_CODE_TRESPASS AFTER FORBIDDEN,0.0
PRIMARY_OFFENSE_CODE_LARCENY - GENERAL,0.0
PRIMARY_OFFENSE_CODE_CONVEY ANIMAL CRUEL MANNER,0.0
COUNTY_OF_CONVICTION_CODE_OTHER,0.0
PRIMARY_OFFENSE_CODE_DWI LEVEL 1 AGGRAVATED,0.0
PRIMARY_OFFENSE_CODE_REPEAT FELON WITH DEADLY WEAPN,0.0
CITY_WHERE_OFFENDER_BORN_LEON,0.0
CITY_WHERE_OFFENDER_BORN_DENTON,0.0
CITY_WHERE_OFFENDER_BORN_TEGUCIGALPA,0.0
CITY_WHERE_OFFENDER_BORN_MEBANE,0.0
PRIMARY_OFFENSE_CODE_CONSP/SOLICIT TO COMMIT MURDER,0.0
COUNTRY_WHERE_OFFENDER_BORN_COLOMBIA,0.0
CITY_WHERE_OFFENDER_BORN_COLORADO SPRING,0.0
CITY_WHERE_OFFENDER_BORN_DEL RIO,0.0
PRIMARY_OFFENSE_CODE_ABANDONMENT OF ANIMALS,0.0
CITY_WHERE_OFFENDER_BORN_NEWTON,0.0
CITY_WHERE_OFFENDER_BORN_RIVERSIDE,0.0
CITY_WHERE_OFFENDER_BORN_LAWRENCE,0.0
CITY_WHERE_OFFENDER_BORN_ZANESVILLE,0.0
CITY_WHERE_OFFENDER_BORN_HEMPSTEAD,0.0
PRIMARY_OFFENSE_CODE_VIOLATION OF LOCAL ORDINANCE,0.0
PRIMARY_OFFENSE_CODE_DESTROY EVIDENCE,0.0
CITY_WHERE_OFFENDER_BORN_BENNETTSVILLE,0.0
CITY_WHERE_OFFENDER_BORN_ASHLAND,0.0
CITY_WHERE_OFFENDER_BORN_MTAIRY,0.0
PRIMARY_OFFENSE_CODE_PACK/REPACK METHAMPHETAMINE,0.0
CITY_WHERE_OFFENDER_BORN_BATON ROUGE,0.0
CITY_WHERE_OFFENDER_BORN_SENECA,0.0
PRIMARY_OFFENSE_CODE_B&E PAPER CURRENCY MACHINE 2ND,0.0
CITY_WHERE_OFFENDER_BORN_CLARKSBURG,0.0
PRIMARY_OFFENSE_CODE_FAIL COMPLY LIC RESTRICTIONS,0.0
PRIMARY_OFFENSE_CODE_MANUFACTURE SCHEDULE I,0.0
PRIMARY_OFFENSE_CODE_FALSE AMBULANCE REQUEST,0.0
COUNTRY_WHERE_OFFENDER_BORN_LIBERIA,0.0
PRIMARY_OFFENSE_CODE_LARCENY - PUBLIC RECORDS,0.0
PRIMARY_OFFENSE_CODE_DISORDER CONDUCT BUS ST,0.0
CITY_WHERE_OFFENDER_BORN_NEWBERN,0.0
CITY_WHERE_OFFENDER_BORN_TUCKER,0.0
CITY_WHERE_OFFENDER_BORN_NORTH ADAMS,0.0
CITY_WHERE_OFFENDER_BORN_STUBENVILLE,0.0
CITY_WHERE_OFFENDER_BORN_HUNTSVILLE,0.0
PRIMARY_OFFENSE_CODE_TRANSPORT LIQUOR,0.0
PRIMARY_OFFENSE_CODE_COM LAW FELON B & E,0.0
PRIMARY_OFFENSE_CODE_OPEN CONT ALCOHOL AFT CONSUME,0.0
CITY_WHERE_OFFENDER_BORN_WORCHESTER,0.0
PRIMARY_OFFENSE_CODE_COUNTERFEIT LICENSE,0.0
CITY_WHERE_OFFENDER_BORN_CLOVER,0.0
CITY_WHERE_OFFENDER_BORN_TOLEDO,0.0
CITY_WHERE_OFFENDER_BORN_ELIZABETHTON,0.0
PRIMARY_OFFENSE_CODE_COUNTERFEITING,0.0
CITY_WHERE_OFFENDER_BORN_PHILDELPHIA,0.0
CITY_WHERE_OFFENDER_BORN_HILLSBORO,0.0
CITY_WHERE_OFFENDER_BORN_SAYRE,0.0
PRIMARY_OFFENSE_CODE_KIDNAPPING 1ST DEG OF A MINOR,0.0
CITY_WHERE_OFFENDER_BORN_FT WORTH,0.0
CITY_WHERE_OFFENDER_BORN_MARSHVILLE,0.0
PRIMARY_OFFENSE_CODE_OPERATE RED/BLUE LIGHT ON VEH,0.0
CITY_WHERE_OFFENDER_BORN_WARRENTON,0.0
CITY_WHERE_OFFENDER_BORN_STOUGHTON,0.0
CITY_WHERE_OFFENDER_BORN_HORRY,0.0
PRIMARY_OFFENSE_CODE_FALSE APPLIC TO SEC OF STATE,0.0
CITY_WHERE_OFFENDER_BORN_AHUACHAPAN,0.0
PRIMARY_OFFENSE_CODE_MANUFACTURE SCHEDULE III,0.0
CITY_WHERE_OFFENDER_BORN_LITTLETON,0.0
PRIMARY_OFFENSE_CODE_GIV/SEL/TOBAC/TO/INMATE,0.0
PRIMARY_OFFENSE_CODE_POSS/DIST PREC CONTR SUBST,0.0
CITY_WHERE_OFFENDER_BORN_BISHOPVILLE,0.0
CITY_WHERE_OFFENDER_BORN_CAMERON,0.0
CITY_WHERE_OFFENDER_BORN_RICHLAND,0.0
CITY_WHERE_OFFENDER_BORN_MOBILE,0.0
CITY_WHERE_OFFENDER_BORN_GAITHERSBURG,0.0
CITY_WHERE_OFFENDER_BORN_GUADALAJARA,0.0
CITY_WHERE_OFFENDER_BORN_WHEELING,0.0
CITY_WHERE_OFFENDER_BORN_MT CLAIR,0.0
PRIMARY_OFFENSE_CODE_PURCH FIREARM BY PERSON PROHIB,0.0
PRIMARY_OFFENSE_CODE_S/D CS PERSON 18 TO UNDER 16,0.0
CITY_WHERE_OFFENDER_BORN_GULF PORT,0.0
PRIMARY_OFFENSE_CODE_OFFER BRIBE TO OFFICIAL,0.0
COMPONENT_DISPOSITION_CODE_CRV/3M,0.0
CITY_WHERE_OFFENDER_BORN_LEWISBURG,0.0
CITY_WHERE_OFFENDER_BORN_SOUTH PORT,0.0
CITY_WHERE_OFFENDER_BORN_HIGH PT,0.0
CITY_WHERE_OFFENDER_BORN_FORT HOOD,0.0
CITY_WHERE_OFFENDER_BORN_MOUNT VERNOHN,0.0
CITY_WHERE_OFFENDER_BORN_PICKENS,0.0
CITY_WHERE_OFFENDER_BORN_FORT JACKSON,0.0
CITY_WHERE_OFFENDER_BORN_TOPEKA,0.0
COURT_TYPE_CODE_MAYORS,0.0
CITY_WHERE_OFFENDER_BORN_LOS ANGLES,0.0
PRIMARY_OFFENSE_CODE_NON-COMPLIANCE OF RULES GOVERN,0.0
PRIMARY_OFFENSE_CODE_INTERFERE/ELECT MONITOR DEV,0.0
PRIMARY_OFFENSE_CODE_DEATH BY VEHICLE  MISDEMANOR,0.0
CITY_WHERE_OFFENDER_BORN_BRISTAL,0.0
PRIMARY_OFFENSE_CODE_DVPO VIOL DEADLY/WEAPON,0.0
CITY_WHERE_OFFENDER_BORN_POUGHKEEPSIE,0.0
CITY_WHERE_OFFENDER_BORN_ELIZ CITY,0.0
CITY_WHERE_OFFENDER_BORN_BEAUFORT,0.0
PRIMARY_OFFENSE_CODE_WILFUL SET FIRE WOODLAND,0.0
STATE_WHERE_OFFENDER_BORN_WYOMING,0.0
PRIMARY_OFFENSE_CODE_INJURY HIRED PROPERTY,0.0
CITY_WHERE_OFFENDER_BORN_SPENCER,0.0
PRIMARY_OFFENSE_CODE_ABANDONMENT,0.0
COUNTRY_WHERE_OFFENDER_BORN_ETHIOPIA,0.0
PRIMARY_OFFENSE_CODE_VIOLATION OF NON-TX PAID FUEL,0.0
PRIMARY_OFFENSE_CODE_BREACH OF SAFETY,0.0
CITY_WHERE_OFFENDER_BORN_ROCKY POINT,0.0
STATE_WHERE_OFFENDER_BORN_UTAH,0.0
CITY_WHERE_OFFENDER_BORN_SALT LAKE CITY,0.0
CITY_WHERE_OFFENDER_BORN_MT OLIVE,0.0
PRIMARY_OFFENSE_CODE_COM L FELONY NO STATUTE,0.0
PRIMARY_OFFENSE_CODE_POSS OF ALCOHOL ON SCHOOL PROP,0.0
PRIMARY_OFFENSE_CODE_TOOLS FOR COUNTERFEITING,0.0
PRIMARY_OFFENSE_CODE_SOL.TO COMMIT FELONY/MISD,0.0
CITY_WHERE_OFFENDER_BORN_CASTLEBERRY,0.0
PRIMARY_OFFENSE_CODE_FAIL TO FILE/PAY INCOME TAXES,0.0
CITY_WHERE_OFFENDER_BORN_LINCONLTON,0.0
PRIMARY_OFFENSE_CODE_MANUFACTURE SCHEDULE IV,0.0
CITY_WHERE_OFFENDER_BORN_TUSCALOOSA,0.0
PRIMARY_OFFENSE_CODE_LIQUOR - MINORS,0.0
PRIMARY_OFFENSE_CODE_TRAFFICK OPIUM/HEROIN 14-27 GR,0.0
PRIMARY_OFFENSE_CODE_CONT CRIMINAL ENTERPRISE,0.0
CITY_WHERE_OFFENDER_BORN_OCALA,0.0
CITY_WHERE_OFFENDER_BORN_LOS ANGELOS,0.0
COUNTRY_WHERE_OFFENDER_BORN_NICARAGUA,0.0
PRIMARY_OFFENSE_CODE_AWDW MINOR PRESENT,0.0
CITY_WHERE_OFFENDER_BORN_POUGHKEEPISE,0.0
CITY_WHERE_OFFENDER_BORN_CHRISTIANBURG,0.0
STATE_WHERE_OFFENDER_BORN_VERMONT,0.0
CITY_WHERE_OFFENDER_BORN_KANKAKEE,0.0
CITY_WHERE_OFFENDER_BORN_LAKEWOOD,0.0
CITY_WHERE_OFFENDER_BORN_RAHWAY,0.0
PRIMARY_OFFENSE_CODE_DAM OCCP HOUSE W/EXPLOSIVE,0.0
CITY_WHERE_OFFENDER_BORN_ALEXANDRIA,0.0
PRIMARY_OFFENSE_CODE_DOMESTIC CRIMINAL TRESPASS,0.0
PRIMARY_OFFENSE_CODE_AGGRESIVE DRIVING,0.0
PRIMARY_OFFENSE_CODE_TRAFFICK MARIJUANA 50-99 LBS,0.0
CITY_WHERE_OFFENDER_BORN_STATON ISLAND,0.0
CITY_WHERE_OFFENDER_BORN_NORFORK,0.0
CITY_WHERE_OFFENDER_BORN_BRICKTOWN,0.0
PRIMARY_OFFENSE_CODE_COMMON LAW CONSP/SOL/MURDER,0.0
PRIMARY_OFFENSE_CODE_INJURY W/EXPLOSIVES,0.0
PRIMARY_OFFENSE_CODE_TRAFFICK MARIJUANA 100-1999 LB,0.0
CITY_WHERE_OFFENDER_BORN_SAN FRANCISCO,0.0
CITY_WHERE_OFFENDER_BORN_JASPER,0.0
CITY_WHERE_OFFENDER_BORN_FARMINGTON,0.0
PRIMARY_OFFENSE_CODE_DISC/FIREARM/OCCUPIED VEHICLE,0.0
CITY_WHERE_OFFENDER_BORN_RAEFORD,0.0
PRIMARY_OFFENSE_CODE_DISCLOSURE OF PRIVATE IMAGES,0.0
CITY_WHERE_OFFENDER_BORN_ELKTON,0.0
PRIMARY_OFFENSE_CODE_FIRST DEGREE TRESPASS,0.0
CITY_WHERE_OFFENDER_BORN_TALLAHASSEE,0.0
CITY_WHERE_OFFENDER_BORN_EAST MEADOW,0.0
CITY_WHERE_OFFENDER_BORN_INDIANAPOLIS,0.0
PRIMARY_OFFENSE_CODE_FALSE FIRE ALARM,0.0
PRIMARY_OFFENSE_CODE_DRUG PARA - DELIVER,0.0
PRIMARY_OFFENSE_CODE_ASSAULT ON EXEC/LEGIS OFFICER,0.0
CITY_WHERE_OFFENDER_BORN_PHILLY,0.0
PRIMARY_OFFENSE_CODE_EXCEED PSEUDOEPHEDRINE LIMIT,0.0
PRIMARY_OFFENSE_CODE_SELL SCHEDULE V,0.0
PRIMARY_OFFENSE_CODE_VIOLATE SAFETY INSPECTION,0.0
"PRIMARY_OFFENSE_CODE_NOT STORED, PRE-OPUS",0.0
CITY_WHERE_OFFENDER_BORN_NEW BRITAIN,0.0
CITY_WHERE_OFFENDER_BORN_LAOS,0.0
PRIMARY_OFFENSE_CODE_UNLAWFUL INJURY RAILROADS,0.0
CITY_WHERE_OFFENDER_BORN_LILLINGTON,0.0
CITY_WHERE_OFFENDER_BORN_ELMIRA,0.0
CITY_WHERE_OFFENDER_BORN_WAYNE,0.0
PRIMARY_OFFENSE_CODE_DRUG PARA - DEL UNDER 18,0.0
CITY_WHERE_OFFENDER_BORN_CHRISTIANSBURG,0.0
CITY_WHERE_OFFENDER_BORN_ALBUQUERQUE,0.0
CITY_WHERE_OFFENDER_BORN_NYC,0.0
CITY_WHERE_OFFENDER_BORN_SUMTER,0.0
PRIMARY_OFFENSE_CODE_OPERATE BOAT INTOXICATED,0.0
CITY_WHERE_OFFENDER_BORN_RUTLAND,0.0
CITY_WHERE_OFFENDER_BORN_DARLINGTON,0.0
PRIMARY_OFFENSE_CODE_POSSESSION OF NON-TAX LIQUOR,0.0
CITY_WHERE_OFFENDER_BORN_SAIGON,0.0
PRIMARY_OFFENSE_CODE_ACCESS COMPUTERS DEFRAUD,0.0
CITY_WHERE_OFFENDER_BORN_BAT CAVE,0.0
CITY_WHERE_OFFENDER_BORN_BULOXI,0.0
CITY_WHERE_OFFENDER_BORN_HARTSVILLE,0.0
CITY_WHERE_OFFENDER_BORN_MIDDLETOWN,0.0
CITY_WHERE_OFFENDER_BORN_HAMLET,0.0
CITY_WHERE_OFFENDER_BORN_BROOKYLN,0.0
PRIMARY_OFFENSE_CODE_INJURE/KILL LAW ENF ANIMAL,0.0
PRIMARY_OFFENSE_CODE_AISI DETENTION EMPLOYEE W/DUTY,0.0
CITY_WHERE_OFFENDER_BORN_PEKIN,0.0
CITY_WHERE_OFFENDER_BORN_LEAKSVILLE,0.0
PRIMARY_OFFENSE_CODE_DEFRAUDING INNKEEPER,0.0
CITY_WHERE_OFFENDER_BORN_ANNISTON,0.0
CITY_WHERE_OFFENDER_BORN_WYTHEVILLE,0.0
PRIMARY_OFFENSE_CODE_TRESPASS - UTILITIES,0.0
CITY_WHERE_OFFENDER_BORN_MUSKEGON,0.0
CITY_WHERE_OFFENDER_BORN_NYACK,0.0
CITY_WHERE_OFFENDER_BORN_PANAMA,0.0
CITY_WHERE_OFFENDER_BORN_AMERICAS,0.0
CITY_WHERE_OFFENDER_BORN_WICHITA FALLS,0.0
CITY_WHERE_OFFENDER_BORN_SEA LEVEL,0.0
PRIMARY_OFFENSE_CODE_AWITC RAPE,0.0
CITY_WHERE_OFFENDER_BORN_SAN PEDRO,0.0
CITY_WHERE_OFFENDER_BORN_DESMOINE,0.0
CITY_WHERE_OFFENDER_BORN_PINEHUST,0.0
PRIMARY_OFFENSE_CODE_DISC/FIREARM-PROP/SERI BODY,0.0
CITY_WHERE_OFFENDER_BORN_CHESAPEAKE,0.0
CITY_WHERE_OFFENDER_BORN_PERTH AMBOY,0.0
CITY_WHERE_OFFENDER_BORN_LAURINGBURG,0.0
CITY_WHERE_OFFENDER_BORN_RAPID CITY,0.0
PRIMARY_OFFENSE_CODE_HEALTH LAW VIOLATION,0.0
CITY_WHERE_OFFENDER_BORN_PARKERSBURG,0.0
PRIMARY_OFFENSE_CODE_FALSE REPORT OF THEFT OR CONVE,0.0
PRIMARY_OFFENSE_CODE_FRAUD RENTAL VEHICLE,0.0
PRIMARY_OFFENSE_CODE_SECRET PROP HINDER LIEN,0.0
CITY_WHERE_OFFENDER_BORN_SHREVPORT,0.0
PRIMARY_OFFENSE_CODE_FELONIOUS ASSAULT HANDICAPPED,0.0
PRIMARY_OFFENSE_CODE_BLOCK/INTERF W/ TRAFFIC,0.0
CITY_WHERE_OFFENDER_BORN_N. WILKESBORO,0.0
CITY_WHERE_OFFENDER_BORN_GAINESVILLE,0.0
CITY_WHERE_OFFENDER_BORN_FT MYERS,0.0
PRIMARY_OFFENSE_CODE_ROBBERY,0.0
CITY_WHERE_OFFENDER_BORN_FARMVILLE,0.0
PRIMARY_OFFENSE_CODE_SALE LIQUOR,0.0
CITY_WHERE_OFFENDER_BORN_LIMA,0.0
CITY_WHERE_OFFENDER_BORN_BUNN,0.0
CITY_WHERE_OFFENDER_BORN_MONTERAY,0.0
CITY_WHERE_OFFENDER_BORN_MULLINS,0.0
PRIMARY_OFFENSE_CODE_SOL.TO COMMIT 1ST DEG MURDER,0.0
PRIMARY_OFFENSE_CODE_FINANCIAL CARD FRAUD/FELON,0.0
CITY_WHERE_OFFENDER_BORN_ANDERSON,0.0
PRIMARY_OFFENSE_CODE_TAKE DEER ILLEGAL HR W/LIGHT,0.0
PRIMARY_OFFENSE_CODE_1ST DEGREE FORCIBLE SEX OFFNSE,0.0
CITY_WHERE_OFFENDER_BORN_HARRISONBURG,0.0
CITY_WHERE_OFFENDER_BORN_WORCESTER,0.0
"PRIMARY_OFFENSE_CODE_INTERFER W/GAS,ELECT METERS",0.0
CITY_WHERE_OFFENDER_BORN_SUMPTER,0.0
CITY_WHERE_OFFENDER_BORN_BIRMINGHAM,0.0
CITY_WHERE_OFFENDER_BORN_GUAM,0.0
CITY_WHERE_OFFENDER_BORN_PRINCE GEORGE,0.0
CITY_WHERE_OFFENDER_BORN_ALBERMARE,0.0
CITY_WHERE_OFFENDER_BORN_BELMONT,0.0
PRIMARY_OFFENSE_CODE_VIOLATE TELEPHONE PRIVACY,0.0
"PRIMARY_OFFENSE_CODE_FORGERY OF DEEDS, WILLS",0.0
PRIMARY_OFFENSE_CODE_PROMOTE PROST MINOR/MENT DISAB,0.0
PRIMARY_OFFENSE_CODE_ATT FIRST DEG MURDER,0.0
CITY_WHERE_OFFENDER_BORN_WEST POINT,0.0
CITY_WHERE_OFFENDER_BORN_WYTHVILLE,0.0
PRIMARY_OFFENSE_CODE_WRONGFUL B & E,0.0
CITY_WHERE_OFFENDER_BORN_MORRISVILLE,0.0
PRIMARY_OFFENSE_CODE_POLLUTION/DEFACING,0.0
PRIMARY_OFFENSE_CODE_POST RELEASE PARTIAL REVOKE,0.0
CITY_WHERE_OFFENDER_BORN_YOUNGSTOWN,0.0
PRIMARY_OFFENSE_CODE_3M REIMPRISON VIOL,0.0
CITY_WHERE_OFFENDER_BORN_ROWLAND,0.0
PRIMARY_OFFENSE_CODE_GAME LAW VIOLATION,0.0
CITY_WHERE_OFFENDER_BORN_NORRIS TOWN,0.0
PRIMARY_OFFENSE_CODE_PROSTITUTION,0.0
CITY_WHERE_OFFENDER_BORN_MARTINSVILLE,0.0
PRIMARY_OFFENSE_CODE_FAIL RETURN MERCH ON APPROVAL,0.0
PRIMARY_OFFENSE_CODE_FAIL OBEY POLICE,0.0
PRIMARY_OFFENSE_CODE_VIOLATION OF COURT ORDER,0.0
PRIMARY_OFFENSE_CODE_COMMON LAW BURGLARY,0.0
CITY_WHERE_OFFENDER_BORN_MERIDIAN,0.0
PRIMARY_OFFENSE_CODE_FRAUD MISREP- FOOD STAMP AMT,0.0
CITY_WHERE_OFFENDER_BORN_PAHOKEE,0.0
NC_COUNTY_WHERE_OFFENDER_BORN_GATES,0.0
CITY_WHERE_OFFENDER_BORN_MORVEN,0.0
CITY_WHERE_OFFENDER_BORN_PASCO,0.0
PUNISHMENT_TYPE_CODE_PSI,0.0
CITY_WHERE_OFFENDER_BORN_NASHUA,0.0
CITY_WHERE_OFFENDER_BORN_CUBA,0.0
CITY_WHERE_OFFENDER_BORN_SUITLAND,0.0
CITY_WHERE_OFFENDER_BORN_KINGSVILLE,0.0
CITY_WHERE_OFFENDER_BORN_MELBOURNE,0.0
"PRIMARY_OFFENSE_CODE_ASSAULT,AFFRAY ON EMERG. MED",0.0
CITY_WHERE_OFFENDER_BORN_LYNCHBURG,0.0
CITY_WHERE_OFFENDER_BORN_ELSALVADOR,0.0
CITY_WHERE_OFFENDER_BORN_BEDFORD,0.0
CITY_WHERE_OFFENDER_BORN_LINCOLN,0.0
CITY_WHERE_OFFENDER_BORN_WINNSBORO,0.0
PRIMARY_OFFENSE_CODE_VIOLATE REGULATE CONTROL SUBST,0.0
PRIMARY_OFFENSE_CODE_OBTAIN ADVNCE U/WRITTEN AGREE,0.0
PRIMARY_OFFENSE_CODE_OPERAT W/ FALSE NUMBERS,0.0
PRIMARY_OFFENSE_CODE_VIOLATION DRUG LAWS,0.0
PRIMARY_OFFENSE_CODE_DAMAGE/DESTROY VENDING MACHINE,0.0
CITY_WHERE_OFFENDER_BORN_SUPPLY,0.0
CITY_WHERE_OFFENDER_BORN_GRAHAM,0.0
CITY_WHERE_OFFENDER_BORN_KINGSPORT,0.0
PRIMARY_OFFENSE_CODE_B & E & L & R,0.0
CITY_WHERE_OFFENDER_BORN_NORRISTOWN,0.0
PRIMARY_OFFENSE_CODE_MAKING FALSE AFFIDAVITS PERJUR,0.0
CITY_WHERE_OFFENDER_BORN_MYRTLE BEACH,0.0
CITY_WHERE_OFFENDER_BORN_PITTSBORO,0.0
CITY_WHERE_OFFENDER_BORN_WASHINGTON DC,0.0
PRIMARY_OFFENSE_CODE_CRIM USE OF COUNTERFEIT TRADEM,0.0
PRIMARY_OFFENSE_CODE_HABITUAL OFFENDER,0.0
PRIMARY_OFFENSE_CODE_FRAUD OF SPECIAL IDENTIFICATIO,0.0
CITY_WHERE_OFFENDER_BORN_NEW BURGH,0.0
CITY_WHERE_OFFENDER_BORN_LEVITTOWN,0.0
CITY_WHERE_OFFENDER_BORN_KANNAPOLIS,0.0
CITY_WHERE_OFFENDER_BORN_BABERTON,0.0
CITY_WHERE_OFFENDER_BORN_PALM BEACH,0.0
CITY_WHERE_OFFENDER_BORN_PLANTATION,0.0
"CITY_WHERE_OFFENDER_BORN_WASHINGTON,DC",0.0
PRIMARY_OFFENSE_CODE_EXPOSING CHILDREN TO FIRE,0.0
PRIMARY_OFFENSE_CODE_MALICIOUS MAIMING,0.0
CITY_WHERE_OFFENDER_BORN_WAYNESBORO,0.0
CITY_WHERE_OFFENDER_BORN_MOUNT HOLLY,0.0
PRIMARY_OFFENSE_CODE_PERMIT UNLICENSE TO DRIVE,0.0
PRIMARY_OFFENSE_CODE_MUTILATION OR DEFACEMENT OF NC,0.0
PRIMARY_OFFENSE_CODE_PERJURY,0.0
PRIMARY_OFFENSE_CODE_ENHANCED FIREARM PENALTY,0.0
